Season,Race,Driver,Team,Stint,Compound,NumLaps,DegRate,Intercept,MeanLapTime,WetAffected
season2023,Austin,ALB,Williams,1.0,MEDIUM,8,-0.17697619047619192,106.06479761904765,104.258,False
season2023,Austin,ALB,Williams,2.0,HARD,17,0.06051225490195948,103.68781862745098,103.19294117647058,False
season2023,Austin,ALB,Williams,3.0,MEDIUM,25,0.07439153846153977,102.83604923076919,101.95888,False
season2023,Austin,ALO,Aston Martin,1.0,MEDIUM,17,-0.04659313725490628,104.82663725490198,103.81070588235295,False
season2023,Austin,ALO,Aston Martin,2.0,MEDIUM,21,0.051497402597402146,102.75926926406925,101.67223809523809,False
season2023,Austin,BOT,Alfa Romeo,1.0,MEDIUM,8,-0.18667857142856356,105.60460714285715,104.275375,False
season2023,Austin,BOT,Alfa Romeo,2.0,HARD,16,0.0987308823529429,103.39211911764701,103.2575625,False
season2023,Austin,BOT,Alfa Romeo,3.0,HARD,26,0.03839316239316044,104.24460683760688,102.4638076923077,False
season2023,Austin,GAS,Alpine,1.0,MEDIUM,16,0.006525000000003183,103.79894999999992,103.3384375,False
season2023,Austin,GAS,Alpine,2.0,MEDIUM,17,0.09255147058823456,102.91183823529414,102.29735294117647,False
season2023,Austin,GAS,Alpine,3.0,HARD,17,0.030703431372549474,103.3014362745098,101.02347058823528,False
season2023,Austin,HAM,Mercedes,1.0,MEDIUM,18,0.08036532507739495,102.2440529755762,102.51038888888888,False
season2023,Austin,HAM,Mercedes,2.0,HARD,16,0.06442794117647468,102.41787205882346,101.4074375,False
season2023,Austin,HAM,Mercedes,3.0,MEDIUM,17,0.06406372549019262,102.08771568627454,100.08835294117647,False
season2023,Austin,HUL,Haas F1 Team,1.0,HARD,17,-0.06972549019607736,105.38378431372549,104.1365294117647,False
season2023,Austin,HUL,Haas F1 Team,2.0,MEDIUM,13,0.08204395604395591,103.21141758241755,102.38276923076923,False
season2023,Austin,HUL,Haas F1 Team,3.0,MEDIUM,20,0.1511233082706748,101.8105421052632,101.9527,False
season2023,Austin,LEC,Ferrari,1.0,MEDIUM,21,0.07407142857142784,102.76509523809526,102.99395238095241,False
season2023,Austin,LEC,Ferrari,2.0,HARD,32,0.07000934750733043,102.66499266862174,101.66265625,False
season2023,Austin,MAG,Haas F1 Team,1.0,MEDIUM,8,-0.1652499999999982,105.51175,104.300375,False
season2023,Austin,MAG,Haas F1 Team,2.0,HARD,17,0.06562254901960597,104.23371568627452,103.78994117647059,False
season2023,Austin,MAG,Haas F1 Team,3.0,MEDIUM,25,0.10219538461538367,103.39382461538464,102.45956,False
season2023,Austin,NOR,McLaren,1.0,MEDIUM,15,0.08952857142856792,102.19744285714292,102.50819999999999,False
season2023,Austin,NOR,McLaren,2.0,HARD,15,0.1370392857142844,102.0121797619048,101.81553333333332,False
season2023,Austin,NOR,McLaren,3.0,HARD,21,0.0870194805194814,102.36919480519478,100.88342857142858,False
season2023,Austin,PER,Red Bull Racing,1.0,MEDIUM,15,0.0028892857142829753,103.55299642857146,103.08399999999999,False
season2023,Austin,PER,Red Bull Racing,2.0,MEDIUM,18,0.07437667698658297,102.19165600275197,101.4601111111111,False
season2023,Austin,PER,Red Bull Racing,3.0,HARD,18,0.07944375644994672,102.40789611283108,100.62955555555556,False
season2023,Austin,PIA,McLaren,1.0,MEDIUM,8,0.059583333333336715,103.11291666666668,103.138125,False
season2023,Austin,RIC,AlphaTauri,1.0,MEDIUM,20,0.031358646616542946,104.11512556390976,103.84325000000001,False
season2023,Austin,RIC,AlphaTauri,2.0,HARD,23,0.06449703557311903,104.411016798419,103.32447826086957,False
season2023,Austin,RUS,Mercedes,1.0,MEDIUM,19,0.045087719298244254,103.1325614035088,103.02352631578947,False
season2023,Austin,RUS,Mercedes,2.0,HARD,16,0.08423823529411852,102.92073676470584,102.0435,False
season2023,Austin,RUS,Mercedes,3.0,MEDIUM,16,0.0948250000000045,101.74534999999992,99.9786875,False
season2023,Austin,SAI,Ferrari,1.0,MEDIUM,15,0.08223571428570896,102.84461190476198,103.08973333333331,False
season2023,Austin,SAI,Ferrari,2.0,MEDIUM,16,0.07694117647059197,102.27505882352936,101.54849999999999,False
season2023,Austin,SAI,Ferrari,3.0,HARD,20,0.06736165413533855,102.47299097744359,100.69014999999999,False
season2023,Austin,SAR,Williams,1.0,MEDIUM,9,-0.09488333333332924,105.35296666666669,104.45366666666666,False
season2023,Austin,SAR,Williams,2.0,HARD,19,0.09963859649122517,103.29513333333333,103.18115789473683,False
season2023,Austin,SAR,Williams,3.0,MEDIUM,22,0.09556182947487368,103.04865894974594,101.79568181818182,False
season2023,Austin,STR,Aston Martin,1.0,HARD,18,-0.02373787409700956,104.69102545579638,103.86427777777777,False
season2023,Austin,STR,Aston Martin,2.0,MEDIUM,18,-0.00393601651187118,103.52277261781907,101.80394444444445,False
season2023,Austin,STR,Aston Martin,3.0,MEDIUM,14,0.05479780219780296,102.49586153846147,100.29414285714287,False
season2023,Austin,TSU,AlphaTauri,1.0,MEDIUM,15,-0.007403571428573401,104.10909880952383,103.5474666666667,False
season2023,Austin,TSU,AlphaTauri,2.0,HARD,15,0.08658571428571245,103.03272857142858,102.38199999999998,False
season2023,Austin,TSU,AlphaTauri,3.0,MEDIUM,18,-0.002194014447886674,103.8881482628139,101.4176111111111,False
season2023,Austin,VER,Red Bull Racing,1.0,MEDIUM,14,0.044041758241758384,102.78485934065928,102.69171428571428,False
season2023,Austin,VER,Red Bull Racing,2.0,MEDIUM,17,0.10637990196078316,101.69908333333335,101.33288235294117,False
season2023,Austin,VER,Red Bull Racing,3.0,HARD,20,0.06370451127819658,102.23824812030074,100.41335,False
season2023,Austin,ZHO,Alfa Romeo,2.0,HARD,16,0.12889705882352911,103.21122794117642,103.41825,False
season2023,Austin,ZHO,Alfa Romeo,3.0,HARD,27,0.048394993894994034,104.26107509157507,102.677,False
season2023,Baku,ALB,Williams,2.0,HARD,37,-0.015513822192622243,109.68815449776254,107.54983783783784,False
season2023,Baku,ALO,Aston Martin,1.0,MEDIUM,8,0.08308333333333633,107.82941666666669,107.98387500000001,False
season2023,Baku,ALO,Aston Martin,2.0,HARD,36,-0.02598338251706513,108.22955985238032,105.88566666666667,False
season2023,Baku,BOT,Alfa Romeo,3.0,HARD,19,-0.03826734520780058,110.48853435114502,108.72405263157896,False
season2023,Baku,BOT,Alfa Romeo,4.0,MEDIUM,14,0.04575317348378587,108.90263328631872,106.9527142857143,False
season2023,Baku,DEV,AlphaTauri,1.0,HARD,8,-0.027214285714279425,109.77542857142855,109.32325,False
season2023,Baku,GAS,Alpine,2.0,HARD,11,0.006579233226838296,109.30854249201282,108.53172727272728,False
season2023,Baku,GAS,Alpine,3.0,HARD,26,0.023144454472521045,108.27435028078622,106.54376923076924,False
season2023,Baku,HAM,Mercedes,2.0,HARD,36,-0.005671765342242273,108.39643449206098,106.47733333333333,False
season2023,Baku,HUL,Haas F1 Team,1.0,HARD,41,0.003349226493437448,109.33030300026786,107.98990243902438,False
season2023,Baku,LEC,Ferrari,1.0,MEDIUM,8,-0.01621428571428552,108.12692857142862,107.73525000000001,False
season2023,Baku,LEC,Ferrari,2.0,HARD,36,-0.01138905587774134,107.91696500537485,105.88644444444444,False
season2023,Baku,MAG,Haas F1 Team,1.0,MEDIUM,8,-0.02822619047618702,109.50261904761905,109.044875,False
season2023,Baku,MAG,Haas F1 Team,2.0,HARD,36,-0.014570677427243842,109.61931246433528,107.50397222222222,False
season2023,Baku,NOR,McLaren,2.0,HARD,36,-0.014576546832965727,109.51868773946364,107.38863888888889,False
season2023,Baku,OCO,Alpine,1.0,HARD,42,-0.013759564242229018,109.56681892860945,107.7446904761905,False
season2023,Baku,PER,Red Bull Racing,1.0,MEDIUM,8,-0.12633333333333133,108.19808333333334,107.20075,False
season2023,Baku,PER,Red Bull Racing,2.0,HARD,36,0.026380298662796432,106.54419525371277,105.32466666666666,False
season2023,Baku,PIA,McLaren,2.0,HARD,36,-0.016674981658107456,109.72375927284583,107.52772222222221,False
season2023,Baku,RUS,Mercedes,1.0,MEDIUM,8,-0.02369047619047266,108.65204761904761,108.21924999999999,False
season2023,Baku,RUS,Mercedes,2.0,HARD,34,-0.0191067586447775,108.79814972057281,106.6805,False
season2023,Baku,SAI,Ferrari,1.0,MEDIUM,8,0.011928571428569757,107.95964285714288,107.72274999999999,False
season2023,Baku,SAI,Ferrari,2.0,HARD,36,-0.005016028647526047,108.39181639290386,106.4981388888889,False
season2023,Baku,SAR,Williams,2.0,HARD,36,-0.022301785277575155,110.18078262818945,107.8468888888889,False
season2023,Baku,STR,Aston Martin,1.0,MEDIUM,8,0.05034523809523945,108.04722619047618,108.021625,False
season2023,Baku,STR,Aston Martin,2.0,HARD,36,-0.001832763897543368,108.47187958315938,106.64105555555554,False
season2023,Baku,TSU,AlphaTauri,2.0,HARD,36,-0.010206162876009388,109.51388432379552,107.47633333333333,False
season2023,Baku,VER,Red Bull Racing,1.0,MEDIUM,8,-0.06802380952380728,107.91538095238099,107.23875000000001,False
season2023,Baku,VER,Red Bull Racing,2.0,HARD,36,0.017228707780159103,106.77722153905141,105.37841666666665,False
season2023,Baku,ZHO,Alfa Romeo,1.0,MEDIUM,8,-0.011357142857143912,109.70721428571431,109.34225,False
season2023,Baku,ZHO,Alfa Romeo,2.0,HARD,21,-0.0737837884548887,110.81257535430343,108.42299999999999,False
season2023,Barcelona,ALB,Williams,1.0,SOFT,14,0.040648351648352225,82.41770329670327,82.2957142857143,False
season2023,Barcelona,ALB,Williams,2.0,HARD,19,0.08120526315789477,81.65058421052632,81.05884210526317,False
season2023,Barcelona,ALB,Williams,3.0,MEDIUM,27,0.04486324786324679,81.70345868945869,79.5164074074074,False
season2023,Barcelona,ALO,Aston Martin,1.0,SOFT,17,0.025882352941174313,81.58305882352941,81.3695294117647,False
season2023,Barcelona,ALO,Aston Martin,2.0,SOFT,23,0.01806324110671772,81.85550988142293,80.38452173913043,False
season2023,Barcelona,ALO,Aston Martin,3.0,HARD,21,0.10077012987012977,80.69247272727272,78.82171428571428,False
season2023,Barcelona,BOT,Alfa Romeo,2.0,HARD,32,0.07623368768328471,81.49512921554253,81.59171875000001,False
season2023,Barcelona,BOT,Alfa Romeo,3.0,HARD,25,0.08512615384615373,81.71827384615388,79.99504,False
season2023,Barcelona,DEV,AlphaTauri,2.0,HARD,27,0.03759157509157526,81.79131155881151,81.0351851851852,False
season2023,Barcelona,DEV,AlphaTauri,3.0,MEDIUM,26,0.06266051282051112,81.22765333333335,79.24873076923078,False
season2023,Barcelona,GAS,Alpine,1.0,SOFT,17,-0.007715686274512517,82.28477450980392,81.6344705882353,False
season2023,Barcelona,GAS,Alpine,2.0,MEDIUM,18,0.09380908152734639,81.00083797729619,80.36333333333333,False
season2023,Barcelona,GAS,Alpine,3.0,HARD,26,0.0766441025641011,80.84819897435901,79.01703846153848,False
season2023,Barcelona,HAM,Mercedes,1.0,SOFT,22,0.02735516657255885,80.89154037267082,80.62804545454546,False
season2023,Barcelona,HAM,Mercedes,2.0,MEDIUM,24,0.0402126086956519,80.80442144927535,79.28479166666666,False
season2023,Barcelona,HAM,Mercedes,3.0,SOFT,15,0.1322285714285724,79.90012380952382,78.24186666666668,False
season2023,Barcelona,HUL,Haas F1 Team,2.0,MEDIUM,16,0.12333382352941316,80.97351617647054,81.1826875,False
season2023,Barcelona,HUL,Haas F1 Team,3.0,HARD,15,0.14823571428571378,80.32107857142856,79.7302,False
season2023,Barcelona,HUL,Haas F1 Team,4.0,MEDIUM,21,0.07562207792207691,81.27958268398272,79.16204761904761,False
season2023,Barcelona,LEC,Ferrari,1.0,HARD,14,0.04641978021978156,81.67150329670324,81.59857142857143,False
season2023,Barcelona,LEC,Ferrari,2.0,SOFT,23,0.0342391304347792,81.68097826086957,80.53108695652175,False
season2023,Barcelona,LEC,Ferrari,3.0,HARD,24,0.07182043478260791,79.09678826086957,78.864375,False
season2023,Barcelona,MAG,Haas F1 Team,1.0,SOFT,8,0.0068452380952399436,82.25422619047622,81.989375,False
season2023,Barcelona,MAG,Haas F1 Team,2.0,MEDIUM,12,0.19153496503496323,80.70740442890447,81.18141666666666,False
season2023,Barcelona,MAG,Haas F1 Team,3.0,HARD,16,0.19818676470588206,80.29466323529411,80.3349375,False
season2023,Barcelona,MAG,Haas F1 Team,4.0,MEDIUM,22,0.19601298701298608,80.14361038961043,79.59627272727272,False
season2023,Barcelona,NOR,McLaren,2.0,HARD,19,0.14271052631578657,80.39992105263161,81.30973684210525,False
season2023,Barcelona,NOR,McLaren,3.0,MEDIUM,26,0.05925675213675263,81.32316170940173,80.17488461538461,False
season2023,Barcelona,NOR,McLaren,4.0,SOFT,14,0.18185054945054718,79.965432967033,78.8392142857143,False
season2023,Barcelona,OCO,Alpine,1.0,SOFT,11,0.11513636363636327,80.70290909090907,81.46927272727274,False
season2023,Barcelona,OCO,Alpine,2.0,MEDIUM,20,0.06784060150376132,81.17163308270673,80.6043,False
season2023,Barcelona,OCO,Alpine,3.0,HARD,30,0.03557041156840935,81.65798820912129,79.41239999999999,False
season2023,Barcelona,PER,Red Bull Racing,1.0,MEDIUM,25,0.019678461538460496,81.63334153846156,81.13883999999999,False
season2023,Barcelona,PER,Red Bull Racing,2.0,HARD,21,0.055236363636364284,80.72254458874458,79.24038095238095,False
season2023,Barcelona,PER,Red Bull Racing,3.0,SOFT,15,0.183767857142858,79.51502261904763,77.92393333333332,False
season2023,Barcelona,PIA,McLaren,1.0,SOFT,15,-0.01526785714285753,82.32301309523808,81.66006666666665,False
season2023,Barcelona,PIA,McLaren,2.0,HARD,20,0.06993759398496464,81.33926766917291,80.57605,False
season2023,Barcelona,PIA,McLaren,3.0,MEDIUM,25,0.05920692307692191,81.58506307692309,79.49896000000001,False
season2023,Barcelona,RUS,Mercedes,1.0,SOFT,23,0.02027667984189475,81.39053359683793,80.9391304347826,False
season2023,Barcelona,RUS,Mercedes,2.0,MEDIUM,18,0.088118679050566,80.40792053663571,79.38066666666667,False
season2023,Barcelona,RUS,Mercedes,3.0,SOFT,20,0.08550526315789377,80.27507368421054,78.4074,False
season2023,Barcelona,SAI,Ferrari,1.0,SOFT,13,0.06515934065933994,80.52693956043956,80.80369230769232,False
season2023,Barcelona,SAI,Ferrari,2.0,MEDIUM,24,0.0705878260869566,81.03564768115942,80.42108333333333,False
season2023,Barcelona,SAI,Ferrari,3.0,HARD,24,0.03977826086956424,81.23457681159422,78.77408333333334,False
season2023,Barcelona,SAR,Williams,1.0,MEDIUM,15,0.07049285714285655,82.24009761904763,82.37953333333334,False
season2023,Barcelona,SAR,Williams,2.0,HARD,17,0.12823284313725358,81.23249509803922,81.02982352941177,False
season2023,Barcelona,SAR,Williams,3.0,HARD,28,0.1177900930487121,81.26286070060209,80.25610714285713,False
season2023,Barcelona,STR,Aston Martin,1.0,SOFT,12,0.10917832167832171,80.4870442890443,81.22091666666667,False
season2023,Barcelona,STR,Aston Martin,2.0,SOFT,18,0.07116202270382128,80.96309047127619,80.57627777777776,False
season2023,Barcelona,STR,Aston Martin,3.0,HARD,31,0.032175806451614046,81.60488225806448,79.34687096774194,False
season2023,Barcelona,TSU,AlphaTauri,1.0,SOFT,8,-0.04210714285714162,82.09271428571431,81.558625,False
season2023,Barcelona,TSU,AlphaTauri,2.0,HARD,22,0.08772896668548702,80.70075155279507,80.55986363636363,False
season2023,Barcelona,TSU,AlphaTauri,3.0,MEDIUM,31,0.020647983870968646,81.96279072580643,79.5088064516129,False
season2023,Barcelona,VER,Red Bull Racing,1.0,MEDIUM,24,0.035660434782610495,80.49170913043478,80.23062499999999,False
season2023,Barcelona,VER,Red Bull Racing,2.0,HARD,24,0.06027173913043337,80.40070652173917,79.041875,False
season2023,Barcelona,VER,Red Bull Racing,3.0,SOFT,13,0.09293956043955984,79.99483516483518,77.62423076923076,False
season2023,Barcelona,ZHO,Alfa Romeo,2.0,HARD,25,0.04007999999999945,81.54988000000002,80.846,False
season2023,Barcelona,ZHO,Alfa Romeo,3.0,HARD,29,0.05975073891625659,81.1291950738916,79.22520689655174,False
season2023,Budapest,ALB,Williams,2.0,HARD,21,0.07994935064935003,85.41433116883121,85.51357142857144,False
season2023,Budapest,ALB,Williams,3.0,HARD,36,0.03603882676855713,86.52096294319269,84.44516666666668,False
season2023,Budapest,ALO,Aston Martin,1.0,MEDIUM,18,-0.020263157894733062,86.51127485380114,85.66022222222222,False
season2023,Budapest,ALO,Aston Martin,2.0,HARD,21,0.03205194805195047,86.07397835497834,84.82680952380953,False
season2023,Budapest,ALO,Aston Martin,3.0,HARD,25,0.07695518755935134,85.3038309591643,83.24796,False
season2023,Budapest,BOT,Alfa Romeo,2.0,HARD,29,0.0779467980295569,85.1129103448276,85.37479310344828,False
season2023,Budapest,BOT,Alfa Romeo,3.0,HARD,27,0.05867884539517036,86.22365642396872,84.25514814814815,False
season2023,Budapest,HAM,Mercedes,1.0,MEDIUM,14,0.049815384615383394,85.14426593406596,85.24964285714286,False
season2023,Budapest,HAM,Mercedes,2.0,HARD,31,0.04826774193548416,85.32009354838706,84.32564516129032,False
season2023,Budapest,HAM,Mercedes,3.0,MEDIUM,19,0.06598896611642145,84.81099774109468,82.43599999999998,False
season2023,Budapest,HUL,Haas F1 Team,1.0,MEDIUM,14,0.03909450549450268,86.10998461538465,86.09207142857143,False
season2023,Budapest,HUL,Haas F1 Team,2.0,HARD,20,0.06980751879699157,86.21729097744364,85.71700000000001,False
season2023,Budapest,HUL,Haas F1 Team,3.0,HARD,29,0.11048503884939721,85.39491866424201,84.74893103448277,False
season2023,Budapest,LEC,Ferrari,1.0,MEDIUM,15,0.044703571428570815,85.35555714285717,85.39699999999999,False
season2023,Budapest,LEC,Ferrari,2.0,HARD,24,0.06777695652173832,85.43063608695653,84.66812499999999,False
season2023,Budapest,LEC,Ferrari,3.0,HARD,25,0.11678421771130268,84.31982134377965,83.29188,False
season2023,Budapest,MAG,Haas F1 Team,1.0,MEDIUM,12,-0.017748251748255863,86.87794522144526,86.33233333333334,False
season2023,Budapest,MAG,Haas F1 Team,2.0,HARD,25,0.13976538461538315,85.35474846153846,86.19076000000001,False
season2023,Budapest,MAG,Haas F1 Team,3.0,HARD,26,0.12764657562116877,85.72141896187786,85.1636153846154,False
season2023,Budapest,NOR,McLaren,1.0,MEDIUM,15,0.03415357142857085,85.23408452380951,85.04646666666666,False
season2023,Budapest,NOR,McLaren,2.0,HARD,25,0.09986153846153979,84.46661846153845,84.15968,False
season2023,Budapest,NOR,McLaren,3.0,MEDIUM,24,0.0926075261324038,84.72067519163765,83.08933333333333,False
season2023,Budapest,PER,Red Bull Racing,1.0,HARD,22,-0.01734895539243238,86.2144088085827,85.258,False
season2023,Budapest,PER,Red Bull Racing,2.0,MEDIUM,16,0.07007794117647127,84.5733544117647,83.81706249999999,False
season2023,Budapest,PER,Red Bull Racing,3.0,MEDIUM,26,0.08822517229978843,84.48927293303831,82.92826923076925,False
season2023,Budapest,PIA,McLaren,1.0,MEDIUM,16,0.04220147058823428,85.01637058823533,84.97918750000001,False
season2023,Budapest,PIA,McLaren,2.0,HARD,22,0.10179672501411555,84.88208639186904,84.47704545454546,False
season2023,Budapest,PIA,McLaren,3.0,MEDIUM,26,0.0817564151471219,85.52497377991403,83.85026923076923,False
season2023,Budapest,RIC,AlphaTauri,1.0,MEDIUM,16,-0.033123529411764205,87.13629411764703,86.19975,False
season2023,Budapest,RIC,AlphaTauri,2.0,HARD,9,0.21165000000000478,84.92948333333332,85.51433333333335,False
season2023,Budapest,RIC,AlphaTauri,3.0,MEDIUM,38,0.060169040345935364,85.7663081286944,84.45805263157895,False
season2023,Budapest,RUS,Mercedes,1.0,HARD,26,0.02807965811965617,86.20749880341883,85.81715384615384,False
season2023,Budapest,RUS,Mercedes,2.0,MEDIUM,16,0.053966176470592056,85.30163382352936,83.7518125,False
season2023,Budapest,RUS,Mercedes,3.0,MEDIUM,22,0.10382907700602731,84.90465207587864,82.98945454545455,False
season2023,Budapest,SAI,Ferrari,1.0,SOFT,13,0.02371978021978413,85.8381648351648,85.58792307692308,False
season2023,Budapest,SAI,Ferrari,2.0,HARD,27,0.0571141636141636,85.55950976800975,84.76622222222223,False
season2023,Budapest,SAI,Ferrari,3.0,HARD,24,0.11595080139372833,84.63423254355399,83.39,False
season2023,Budapest,SAR,Williams,1.0,MEDIUM,11,-0.10913636363636144,87.45268181818179,86.30372727272726,False
season2023,Budapest,SAR,Williams,2.0,HARD,19,0.12844561403508606,85.3127614035088,85.79100000000001,False
season2023,Budapest,SAR,Williams,3.0,HARD,31,0.09389596774193608,85.8242201612903,84.6154516129032,False
season2023,Budapest,STR,Aston Martin,2.0,HARD,23,0.09780928853754961,84.75086758893278,85.3014347826087,False
season2023,Budapest,STR,Aston Martin,3.0,HARD,32,0.06881578005458437,85.43956599257305,84.08746875,False
season2023,Budapest,TSU,AlphaTauri,2.0,HARD,33,0.08504411764705713,85.30743716577543,85.60836363636363,False
season2023,Budapest,TSU,AlphaTauri,3.0,MEDIUM,23,0.09701881897545771,86.3103189342777,84.44021739130437,False
season2023,Budapest,VER,Red Bull Racing,1.0,MEDIUM,21,0.01575974025973942,84.85722294372299,84.43361904761903,False
season2023,Budapest,VER,Red Bull Racing,2.0,HARD,26,0.05562940170940138,84.83921982905986,83.58334615384616,False
season2023,Budapest,VER,Red Bull Racing,3.0,MEDIUM,17,0.019243770764116794,85.17622840531563,82.06929411764705,False
season2023,Budapest,ZHO,Alfa Romeo,1.0,MEDIUM,8,-0.18035714285714374,88.28328571428575,86.44775,False
season2023,Budapest,ZHO,Alfa Romeo,2.0,HARD,26,0.12780820512820468,84.38393230769233,85.5286923076923,False
season2023,Budapest,ZHO,Alfa Romeo,3.0,HARD,29,0.05695351297735196,86.53746219209786,84.76362068965517,False
season2023,Jeddah,ALB,Williams,1.0,MEDIUM,15,-0.047325000000000415,97.74799166666666,96.82706666666667,False
season2023,Jeddah,ALO,Aston Martin,1.0,MEDIUM,15,0.0035999999999951314,95.4110666666667,94.94846666666669,False
season2023,Jeddah,ALO,Aston Martin,2.0,HARD,30,-0.02447675194660693,95.9661865776789,93.56086666666667,False
season2023,Jeddah,BOT,Alfa Romeo,3.0,MEDIUM,14,-0.1358285714285676,99.67519999999998,96.73649999999999,False
season2023,Jeddah,BOT,Alfa Romeo,4.0,SOFT,13,0.1286318681318706,96.9367912087912,95.60084615384615,False
season2023,Jeddah,DEV,AlphaTauri,1.0,MEDIUM,15,-0.11402142857143081,98.45119285714289,96.93,False
season2023,Jeddah,DEV,AlphaTauri,2.0,HARD,30,-0.055013125695217525,98.27620949202817,95.3059666666667,False
season2023,Jeddah,GAS,Alpine,1.0,MEDIUM,12,0.0277832167832149,96.54695920745924,96.34283333333336,False
season2023,Jeddah,GAS,Alpine,2.0,HARD,31,-0.032430365071535565,97.22007890971884,94.62532258064515,False
season2023,Jeddah,HAM,Mercedes,1.0,HARD,15,-0.02005000000000174,96.80985000000001,96.13440000000001,False
season2023,Jeddah,HAM,Mercedes,2.0,MEDIUM,30,-0.02250989988876309,96.21418991472004,93.86776666666665,False
season2023,Jeddah,HUL,Haas F1 Team,1.0,MEDIUM,9,-0.09113333333333043,97.55546666666663,96.67866666666666,False
season2023,Jeddah,HUL,Haas F1 Team,2.0,HARD,34,-0.02395962318057263,97.56531640477205,95.22088235294117,False
season2023,Jeddah,LEC,Ferrari,1.0,SOFT,14,-0.059345054945054425,96.58943296703292,95.61749999999999,False
season2023,Jeddah,LEC,Ferrari,2.0,HARD,30,-0.012858509454950918,96.46017426770483,94.25693333333332,False
season2023,Jeddah,MAG,Haas F1 Team,2.0,HARD,37,-0.003542891037553083,96.84164557546747,95.04091891891895,False
season2023,Jeddah,NOR,McLaren,2.0,HARD,13,0.0830769230769306,95.98476923076916,96.09938461538461,False
season2023,Jeddah,NOR,McLaren,3.0,MEDIUM,30,-0.014850723025585249,97.74970359658884,95.55216666666666,False
season2023,Jeddah,OCO,Alpine,1.0,MEDIUM,14,0.08052747252747129,95.96108791208786,96.17807142857143,False
season2023,Jeddah,OCO,Alpine,2.0,HARD,30,-0.02593414905450605,96.99618257322948,94.53796666666668,False
season2023,Jeddah,PER,Red Bull Racing,1.0,MEDIUM,15,-0.03586428571428607,95.38337857142855,94.5656,False
season2023,Jeddah,PER,Red Bull Racing,2.0,HARD,30,0.030839822024473627,94.30286978123839,92.89006666666664,False
season2023,Jeddah,PIA,McLaren,2.0,HARD,44,0.022533206048571036,96.56258364136252,95.65606818181818,False
season2023,Jeddah,RUS,Mercedes,1.0,MEDIUM,15,0.004757142857139626,95.79951904761909,95.34733333333331,False
season2023,Jeddah,RUS,Mercedes,2.0,HARD,30,-0.031798220244713966,96.23316885428248,93.72419999999998,False
season2023,Jeddah,SAI,Ferrari,1.0,MEDIUM,13,0.02889560439560787,95.8610659340659,95.65223076923077,False
season2023,Jeddah,SAI,Ferrari,2.0,HARD,30,-0.038934816462738726,96.7882970708195,94.03763333333335,False
season2023,Jeddah,SAR,Williams,1.0,HARD,15,-0.07573571428571664,98.17208809523812,96.99546666666669,False
season2023,Jeddah,SAR,Williams,2.0,MEDIUM,30,0.0014469410456087078,97.52481186503519,95.59763333333333,False
season2023,Jeddah,STR,Aston Martin,1.0,MEDIUM,11,0.0830909090909117,95.48481818181816,95.68145454545453,False
season2023,Jeddah,TSU,AlphaTauri,1.0,MEDIUM,15,-0.0838785714285717,97.70550714285714,96.4556,False
season2023,Jeddah,TSU,AlphaTauri,2.0,HARD,30,-0.023183759733037358,97.42166622172785,95.04026666666668,False
season2023,Jeddah,VER,Red Bull Racing,1.0,MEDIUM,15,-0.12522857142857294,97.1025238095238,95.48046666666667,False
season2023,Jeddah,VER,Red Bull Racing,2.0,HARD,30,0.007302558398222368,94.85510522803109,93.0304,False
season2023,Jeddah,ZHO,Alfa Romeo,1.0,MEDIUM,9,0.06945000000000083,96.33774444444447,96.42444444444445,False
season2023,Jeddah,ZHO,Alfa Romeo,3.0,MEDIUM,30,-0.04036262513904151,97.89507927326652,95.23623333333333,False
season2023,Las Vegas,ALB,Williams,1.0,MEDIUM,8,-0.1622832080200489,102.69963408521308,100.39099999999999,False
season2023,Las Vegas,ALB,Williams,2.0,HARD,26,0.0161544455172181,100.23197139082271,98.64826923076923,False
season2023,Las Vegas,ALO,Aston Martin,2.0,HARD,17,-0.06310507168842475,102.35178643269852,100.476,False
season2023,Las Vegas,ALO,Aston Martin,3.0,HARD,19,-0.0747155820218334,100.83514419396005,97.76663157894735,False
season2023,Las Vegas,BOT,Alfa Romeo,2.0,HARD,15,0.015502800140006311,102.10522821141063,101.50779999999999,False
season2023,Las Vegas,BOT,Alfa Romeo,3.0,MEDIUM,18,-0.09870483295491515,103.96774651313656,100.46172222222222,False
season2023,Las Vegas,GAS,Alpine,1.0,MEDIUM,9,-0.02790441176470722,101.00581617647056,100.07544444444444,False
season2023,Las Vegas,GAS,Alpine,2.0,HARD,24,0.027433179723504033,99.85486098310285,98.44433333333332,False
season2023,Las Vegas,HAM,Mercedes,1.0,HARD,9,-0.20795882352941245,103.23998235294118,100.289,False
season2023,Las Vegas,HAM,Mercedes,3.0,HARD,19,-0.1075358003686365,100.95508379413019,97.47200000000001,False
season2023,Las Vegas,HUL,Haas F1 Team,2.0,HARD,10,0.07453636363635818,100.18220909090913,99.6785,False
season2023,Las Vegas,HUL,Haas F1 Team,3.0,HARD,16,-0.056578196078432334,101.22812674509802,98.5916875,False
season2023,Las Vegas,LEC,Ferrari,1.0,MEDIUM,12,-0.11355504375863774,101.41375264854902,99.23658333333333,False
season2023,Las Vegas,LEC,Ferrari,2.0,HARD,22,-0.05818600419873642,100.0659538838348,97.14113636363636,False
season2023,Las Vegas,MAG,Haas F1 Team,2.0,HARD,9,0.014262162162163595,100.7631702702703,99.7261111111111,False
season2023,Las Vegas,MAG,Haas F1 Team,3.0,HARD,19,-0.028971396834212817,100.98858455984448,98.49347368421051,False
season2023,Las Vegas,OCO,Alpine,1.0,MEDIUM,12,-0.04738553661907,101.61522984799628,100.29275000000001,False
season2023,Las Vegas,OCO,Alpine,2.0,HARD,23,-0.0017932180851052456,99.65216975023125,97.64347826086957,False
season2023,Las Vegas,PER,Red Bull Racing,2.0,HARD,17,-0.16285844211427578,102.57330505028891,99.2760588235294,False
season2023,Las Vegas,PER,Red Bull Racing,3.0,HARD,19,-0.046189422940591966,99.62944534240751,96.92126315789473,False
season2023,Las Vegas,PIA,McLaren,1.0,HARD,8,-0.3633609022556413,104.99119548872186,100.18275,False
season2023,Las Vegas,PIA,McLaren,2.0,HARD,20,-0.014707343361920514,99.82222845494165,97.92024999999998,False
season2023,Las Vegas,RIC,AlphaTauri,1.0,MEDIUM,9,-0.17482205882352655,104.08278088235288,101.50366666666666,False
season2023,Las Vegas,RIC,AlphaTauri,2.0,HARD,24,-0.025371304181417836,101.2707131853411,98.85554166666667,False
season2023,Las Vegas,RUS,Mercedes,2.0,HARD,8,0.08042462845010934,99.7983991507431,99.129125,False
season2023,Las Vegas,RUS,Mercedes,3.0,HARD,19,-0.1167800226853816,101.12669502339432,97.52684210526317,False
season2023,Las Vegas,SAI,Ferrari,2.0,HARD,17,-0.07396340680505427,102.10258741707686,100.27623529411765,False
season2023,Las Vegas,SAI,Ferrari,3.0,HARD,19,-0.10386934637742742,101.06934963845175,97.63257894736843,False
season2023,Las Vegas,SAR,Williams,2.0,HARD,27,0.016260098079044345,100.50011892809471,98.95914814814813,False
season2023,Las Vegas,STR,Aston Martin,2.0,HARD,17,-0.10804600898780374,102.32299165418361,99.9495294117647,False
season2023,Las Vegas,STR,Aston Martin,3.0,HARD,19,-0.07178732454274749,100.59215567843474,97.56063157894737,False
season2023,Las Vegas,TSU,AlphaTauri,3.0,HARD,19,-0.12436583161157126,103.33899199380171,99.71063157894737,False
season2023,Las Vegas,VER,Red Bull Racing,1.0,MEDIUM,8,-0.14037844611528333,101.55739598997492,99.4815,False
season2023,Las Vegas,VER,Red Bull Racing,3.0,HARD,19,-0.037618956472420736,99.33702892386218,96.73710526315789,False
season2023,Las Vegas,ZHO,Alfa Romeo,1.0,HARD,17,0.02237170982238097,101.2282728439975,100.71005882352941,False
season2023,Las Vegas,ZHO,Alfa Romeo,2.0,MEDIUM,19,0.05187857539572293,100.14169806998055,98.67210526315789,False
season2023,Lusail,ALB,Williams,1.0,MEDIUM,13,-0.22403296703296427,93.70436263736264,90.635,False
season2023,Lusail,ALB,Williams,2.0,MEDIUM,11,-0.0685636363636356,90.79412727272725,88.93918181818182,False
season2023,Lusail,ALB,Williams,3.0,HARD,10,-0.03624275724276006,89.8255264735265,87.50919999999999,False
season2023,Lusail,ALB,Williams,4.0,HARD,12,0.05569930069930277,89.5469219114219,87.13216666666666,False
season2023,Lusail,ALO,Aston Martin,2.0,MEDIUM,13,-0.0732362637362662,91.03368681318688,89.03661538461539,False
season2023,Lusail,ALO,Aston Martin,3.0,HARD,14,0.002043396226412759,89.23581132075479,87.31407142857142,False
season2023,Lusail,ALO,Aston Martin,4.0,MEDIUM,12,-0.004283216783218318,89.23137412587415,86.36675000000001,False
season2023,Lusail,BOT,Alfa Romeo,2.0,MEDIUM,16,-0.09286617647058693,92.77541617647054,91.2056875,False
season2023,Lusail,BOT,Alfa Romeo,3.0,HARD,15,0.07267400000000113,89.26697600000001,88.27693333333333,False
season2023,Lusail,BOT,Alfa Romeo,4.0,HARD,17,0.020504901960786578,89.58450490196077,87.11505882352942,False
season2023,Lusail,GAS,Alpine,2.0,MEDIUM,13,0.03256043956044029,89.9301758241758,89.30846153846156,False
season2023,Lusail,GAS,Alpine,3.0,HARD,14,0.03985094339622352,89.10066981132083,87.52999999999999,False
season2023,Lusail,GAS,Alpine,4.0,MEDIUM,12,-0.012370629370629518,90.05277972027972,87.1275,False
season2023,Lusail,HUL,Haas F1 Team,1.0,MEDIUM,8,-0.17717857142857046,94.3113928571428,91.097625,False
season2023,Lusail,HUL,Haas F1 Team,2.0,HARD,12,0.05360839160838966,89.70710372960376,88.98166666666667,False
season2023,Lusail,HUL,Haas F1 Team,3.0,MEDIUM,9,0.18091249999999903,88.16810833333331,88.608,False
season2023,Lusail,HUL,Haas F1 Team,4.0,HARD,16,0.016963235294119222,89.99953676470585,87.4931875,False
season2023,Lusail,LAW,AlphaTauri,2.0,HARD,16,-0.06831470588235265,93.11673970588232,91.78025,False
season2023,Lusail,LAW,AlphaTauri,3.0,HARD,15,-0.0032559241706160936,90.7488056872038,89.0462,False
season2023,Lusail,LAW,AlphaTauri,4.0,MEDIUM,16,-0.07614264705881957,92.02866764705877,88.63781250000001,False
season2023,Lusail,LEC,Ferrari,2.0,MEDIUM,11,-0.07534545454545623,91.59920000000001,89.49936363636363,False
season2023,Lusail,LEC,Ferrari,3.0,HARD,14,-0.03477042801556368,89.36218677042801,87.16642857142857,False
season2023,Lusail,LEC,Ferrari,4.0,MEDIUM,13,0.09742857142857653,88.24772527472524,86.22215384615384,False
season2023,Lusail,MAG,Haas F1 Team,2.0,MEDIUM,16,-0.05329558823529066,92.97474558823524,91.7809375,False
season2023,Lusail,MAG,Haas F1 Team,3.0,HARD,14,-0.02968172972972633,90.47135308108102,88.53607142857142,False
season2023,Lusail,MAG,Haas F1 Team,4.0,HARD,16,0.10799705882353249,89.35840294117642,87.71687499999999,False
season2023,Lusail,NOR,McLaren,1.0,MEDIUM,8,-0.3116309523809526,95.63715476190475,90.339375,False
season2023,Lusail,NOR,McLaren,2.0,MEDIUM,12,-0.1344020979021011,91.65951165501164,88.71758333333334,False
season2023,Lusail,NOR,McLaren,3.0,MEDIUM,13,0.026761427676894784,87.99980275516593,86.26500000000001,False
season2023,Lusail,NOR,McLaren,4.0,HARD,12,0.08814335664335342,87.33750815850817,85.16608333333333,False
season2023,Lusail,OCO,Alpine,2.0,MEDIUM,13,-0.015098901098902565,90.61859340659343,89.43230769230769,False
season2023,Lusail,OCO,Alpine,3.0,HARD,14,-0.030156128404668622,89.73935603112841,87.58578571428572,False
season2023,Lusail,OCO,Alpine,4.0,MEDIUM,13,0.13243956043956462,88.8157912087912,87.0703076923077,False
season2023,Lusail,PER,Red Bull Racing,1.0,HARD,12,-0.297377622377623,94.62363170163174,90.92366666666668,False
season2023,Lusail,PER,Red Bull Racing,2.0,MEDIUM,12,0.03789510489510363,89.03174941724939,88.19583333333333,False
season2023,Lusail,PER,Red Bull Racing,3.0,MEDIUM,8,-0.010952380952380323,89.48752380952376,87.279875,False
season2023,Lusail,PER,Red Bull Racing,4.0,MEDIUM,13,0.02953296703296988,89.74619780219776,87.17746153846154,False
season2023,Lusail,PIA,McLaren,2.0,MEDIUM,11,-0.10998181818182022,91.22847272727276,88.64372727272728,False
season2023,Lusail,PIA,McLaren,3.0,MEDIUM,14,-0.018929961089493835,88.77107392996112,86.72014285714285,False
season2023,Lusail,PIA,McLaren,4.0,HARD,13,0.06803846153846618,87.54869230769228,85.288,False
season2023,Lusail,RUS,Mercedes,2.0,MEDIUM,9,-0.4161500000000007,97.41580555555556,90.67855555555555,False
season2023,Lusail,RUS,Mercedes,3.0,MEDIUM,16,-0.12416176470587864,90.76591176470582,88.29387500000001,False
season2023,Lusail,RUS,Mercedes,4.0,HARD,15,0.042051412872841594,88.02957653061223,86.14613333333334,False
season2023,Lusail,SAR,Williams,1.0,MEDIUM,8,-0.23640476190476434,94.04744047619049,91.5705,False
season2023,Lusail,SAR,Williams,2.0,MEDIUM,11,0.08946363636363472,89.95975454545454,89.486,False
season2023,Lusail,SAR,Williams,3.0,HARD,11,0.12448318240620741,89.6760375161708,88.77663636363636,False
season2023,Lusail,STR,Aston Martin,2.0,MEDIUM,16,-0.10451323529411649,92.92368823529407,91.2433125,False
season2023,Lusail,STR,Aston Martin,3.0,HARD,15,0.09765700000000135,89.223068,88.46620000000001,False
season2023,Lusail,STR,Aston Martin,4.0,MEDIUM,17,0.03501470588235046,89.61914705882356,87.27429411764705,False
season2023,Lusail,TSU,AlphaTauri,2.0,MEDIUM,11,0.08158181818181875,90.36201818181817,90.0530909090909,False
season2023,Lusail,TSU,AlphaTauri,3.0,HARD,15,0.08608379120878783,89.67714010989013,88.76140000000002,False
season2023,Lusail,TSU,AlphaTauri,4.0,HARD,15,0.14019999999999933,89.22413333333331,87.79093333333331,False
season2023,Lusail,VER,Red Bull Racing,1.0,MEDIUM,12,-0.06590209790209955,90.65001165501164,89.18283333333333,False
season2023,Lusail,VER,Red Bull Racing,2.0,MEDIUM,14,-0.06996263736263551,90.00635604395603,87.7992857142857,False
season2023,Lusail,VER,Red Bull Racing,3.0,HARD,14,0.05568238341968852,87.7671896373057,85.90342857142858,False
season2023,Lusail,ZHO,Alfa Romeo,1.0,MEDIUM,13,-0.16523626373626119,93.55567582417578,91.13307692307693,False
season2023,Lusail,ZHO,Alfa Romeo,2.0,HARD,14,-0.001192307692309574,90.11057692307695,88.63892857142856,False
season2023,Lusail,ZHO,Alfa Romeo,3.0,HARD,14,-0.01743830911492581,89.54953870541608,86.95707142857144,False
season2023,Marina Bay,ALB,Williams,1.0,MEDIUM,16,-0.03560147058823589,102.07500294117648,101.1236875,False
season2023,Marina Bay,ALB,Williams,2.0,HARD,20,-0.012372180451128676,103.13610225563912,101.19395,False
season2023,Marina Bay,ALB,Williams,3.0,MEDIUM,10,0.26759353635798633,98.90003045369791,98.8523,False
season2023,Marina Bay,ALO,Aston Martin,1.0,MEDIUM,16,-0.011814705882354188,101.26142941176471,100.559875,False
season2023,Marina Bay,ALO,Aston Martin,2.0,HARD,20,0.003092481203008597,102.8456939849624,101.09684999999999,False
season2023,Marina Bay,ALO,Aston Martin,3.0,SOFT,12,0.08351040391676925,100.34917462260297,98.35991666666666,False
season2023,Marina Bay,BOT,Alfa Romeo,1.0,HARD,33,0.05556902555542684,101.7076826436054,101.71966666666667,False
season2023,Marina Bay,GAS,Alpine,1.0,MEDIUM,16,-0.0015220588235291817,101.53766911764706,100.9441875,False
season2023,Marina Bay,GAS,Alpine,2.0,HARD,32,-0.02180727574625585,102.95287256122869,100.29512499999998,False
season2023,Marina Bay,HAM,Mercedes,1.0,MEDIUM,16,-0.0052191176470585895,101.15286323529415,100.52056250000001,False
season2023,Marina Bay,HAM,Mercedes,2.0,HARD,20,-0.017986466165413873,101.88643082706768,99.8741,False
season2023,Marina Bay,HAM,Mercedes,3.0,MEDIUM,13,0.24232171658986287,97.87329118663597,97.25446153846154,False
season2023,Marina Bay,HUL,Haas F1 Team,1.0,MEDIUM,16,0.0012985294117657542,101.50080294117646,100.9369375,False
season2023,Marina Bay,HUL,Haas F1 Team,2.0,HARD,31,0.06058818250675025,102.21765379865636,101.22851612903226,False
season2023,Marina Bay,LAW,AlphaTauri,1.0,MEDIUM,16,0.004123529411764261,101.55457794117648,101.020375,False
season2023,Marina Bay,LAW,AlphaTauri,2.0,HARD,32,0.03288764070879584,102.46517801441907,100.91809375,False
season2023,Marina Bay,LEC,Ferrari,1.0,SOFT,16,0.009504411764702413,100.71412794117654,100.2649375,False
season2023,Marina Bay,LEC,Ferrari,2.0,HARD,33,0.036815417024582894,101.31260025770034,99.8340303030303,False
season2023,Marina Bay,MAG,Haas F1 Team,1.0,MEDIUM,16,-0.002804411764704645,101.55600882352941,100.9490625,False
season2023,Marina Bay,MAG,Haas F1 Team,2.0,HARD,20,0.08470375939849786,102.43420300751879,101.7055,False
season2023,Marina Bay,MAG,Haas F1 Team,3.0,SOFT,13,0.08975288018433414,100.65311751152072,98.89153846153843,False
season2023,Marina Bay,NOR,McLaren,1.0,MEDIUM,16,0.0032970588235308475,100.87888088235293,100.336,False
season2023,Marina Bay,NOR,McLaren,2.0,HARD,33,0.0006976520636460619,101.56947615249318,99.33900000000001,False
season2023,Marina Bay,OCO,Alpine,1.0,MEDIUM,16,-0.00397205882352532,101.23989411764703,100.62068749999999,False
season2023,Marina Bay,OCO,Alpine,2.0,HARD,20,-0.02726240601503855,103.07843007518795,100.95015000000001,False
season2023,Marina Bay,PER,Red Bull Racing,1.0,HARD,32,0.05149755154639133,101.21233144329896,101.14053125,False
season2023,Marina Bay,PER,Red Bull Racing,2.0,MEDIUM,11,0.1838666278392543,99.24228538147935,98.86627272727273,False
season2023,Marina Bay,PIA,McLaren,1.0,MEDIUM,16,-0.033538235294117064,102.01165147058822,101.082,False
season2023,Marina Bay,PIA,McLaren,2.0,HARD,32,-0.02326807804068148,103.0426557077625,100.35528124999999,False
season2023,Marina Bay,RUS,Mercedes,1.0,MEDIUM,16,0.003891176470588735,100.87939264705881,100.34275,False
season2023,Marina Bay,RUS,Mercedes,2.0,HARD,20,0.0021676691729314084,101.63725413533835,99.87685,False
season2023,Marina Bay,RUS,Mercedes,3.0,MEDIUM,13,0.24563565668203127,98.0320417626728,97.44507692307693,False
season2023,Marina Bay,SAI,Ferrari,1.0,MEDIUM,16,-0.0260117647058805,100.99049852941174,100.139875,False
season2023,Marina Bay,SAI,Ferrari,2.0,HARD,33,0.007156583629892778,101.50774021352312,99.41172727272728,False
season2023,Marina Bay,SAR,Williams,1.0,MEDIUM,16,-0.0069529411764700545,101.93438088235293,101.283875,False
season2023,Marina Bay,SAR,Williams,2.0,HARD,19,0.0515105263157884,101.0607842105263,99.97042105263158,False
season2023,Marina Bay,SAR,Williams,3.0,MEDIUM,13,0.12219527649769812,100.62535311059908,98.90646153846153,False
season2023,Marina Bay,VER,Red Bull Racing,1.0,HARD,33,0.04613341055600359,100.89773574738113,100.711,False
season2023,Marina Bay,VER,Red Bull Racing,2.0,MEDIUM,13,0.01796991525423745,100.26875720338984,97.61015384615386,False
season2023,Marina Bay,ZHO,Alfa Romeo,2.0,HARD,15,0.06497142857142933,100.52919047619048,100.50893333333333,False
season2023,Marina Bay,ZHO,Alfa Romeo,3.0,MEDIUM,32,0.04672889133627037,102.4109587004405,101.14346875,False
season2023,Melbourne,ALO,Aston Martin,2.0,HARD,41,-0.034808916308847485,84.74990319480398,82.18953658536586,False
season2023,Melbourne,BOT,Alfa Romeo,3.0,HARD,41,-0.03757913379113536,86.57204421726524,83.68321951219512,False
season2023,Melbourne,DEV,AlphaTauri,2.0,MEDIUM,33,-0.0013264884331527108,86.12609874396819,84.58687878787879,False
season2023,Melbourne,GAS,Alpine,2.0,HARD,41,-0.028280843577064743,84.75153308738044,82.34529268292684,False
season2023,Melbourne,HAM,Mercedes,2.0,HARD,41,-0.15624770581761324,88.48384827393781,83.05634146341464,False
season2023,Melbourne,HUL,Haas F1 Team,2.0,HARD,41,-0.00900808389266905,84.61238598068546,82.66117073170732,False
season2023,Melbourne,MAG,Haas F1 Team,3.0,HARD,41,-0.03179763141169823,85.78187341693666,83.26080487804877,False
season2023,Melbourne,NOR,McLaren,2.0,HARD,41,-0.027477151183519535,84.95594834989382,82.56868292682927,False
season2023,Melbourne,OCO,Alpine,3.0,HARD,41,-0.05023349118754818,85.96248857171642,82.68631707317074,False
season2023,Melbourne,PER,Red Bull Racing,4.0,HARD,41,-0.05925286772798508,85.56644252530579,82.36970731707316,False
season2023,Melbourne,PIA,McLaren,2.0,HARD,41,-0.04108746957883137,85.70984562322705,83.00124390243903,False
season2023,Melbourne,RUS,Mercedes,3.0,HARD,8,0.3681309523809514,83.85327380952383,85.503625,False
season2023,Melbourne,SAI,Ferrari,3.0,HARD,41,-0.030956743811133912,84.71332571964471,82.21295121951219,False
season2023,Melbourne,SAR,Williams,4.0,MEDIUM,24,-0.02991032227930784,86.21066978047638,84.51116666666667,False
season2023,Melbourne,SAR,Williams,5.0,HARD,14,0.09308131868131772,83.84709670329667,82.84235714285714,False
season2023,Melbourne,STR,Aston Martin,2.0,HARD,41,-0.03315972857342175,84.90550285997736,82.38407317073171,False
season2023,Melbourne,TSU,AlphaTauri,2.0,HARD,41,-0.021907077862690742,85.70873296027034,83.4529756097561,False
season2023,Melbourne,VER,Red Bull Racing,2.0,HARD,41,-0.012014175876981007,83.96738346948578,81.94519512195123,False
season2023,Melbourne,ZHO,Alfa Romeo,3.0,HARD,41,-0.02882378586597514,85.93348417711707,83.31265853658537,False
season2023,Mexico City,ALB,Williams,1.0,HARD,27,0.07726446297558613,84.77902172954332,85.17318518518518,False
season2023,Mexico City,ALB,Williams,3.0,MEDIUM,34,-0.1835603561267224,91.38598602985836,84.74364705882351,False
season2023,Mexico City,ALO,Aston Martin,1.0,MEDIUM,24,0.049420494258612,85.55040651522714,85.50962499999999,False
season2023,Mexico City,BOT,Alfa Romeo,1.0,MEDIUM,26,0.08112282445394597,84.76281144111867,85.21192307692309,False
season2023,Mexico City,BOT,Alfa Romeo,3.0,HARD,33,-0.07208530335449939,89.63474253692712,85.1531212121212,False
season2023,Mexico City,GAS,Alpine,1.0,MEDIUM,24,0.06870111167256245,84.72261647296614,84.93041666666666,False
season2023,Mexico City,GAS,Alpine,3.0,HARD,33,-0.1816028782440653,92.76788970182221,85.34866666666667,False
season2023,Mexico City,HAM,Mercedes,1.0,MEDIUM,20,0.07663756547767506,83.73454789224247,84.018,False
season2023,Mexico City,HAM,Mercedes,3.0,MEDIUM,33,0.04928743353930189,84.32689854864203,82.5411818181818,False
season2023,Mexico City,HUL,Haas F1 Team,1.0,MEDIUM,19,0.08429358143739855,84.51857021244535,84.88705263157897,False
season2023,Mexico City,HUL,Haas F1 Team,3.0,MEDIUM,33,-0.15063763977084438,91.61910945265042,85.8731515151515,False
season2023,Mexico City,LEC,Ferrari,1.0,MEDIUM,27,0.05963493347353236,83.73676462975692,83.8141851851852,False
season2023,Mexico City,LEC,Ferrari,3.0,HARD,33,0.04923307946544032,84.69299870671072,82.85675757575758,False
season2023,Mexico City,MAG,Haas F1 Team,1.0,MEDIUM,18,0.10051051265992612,84.63833497360652,85.23250000000002,False
season2023,Mexico City,NOR,McLaren,2.0,HARD,19,0.09229999999999962,84.07233157894736,83.87763157894736,False
season2023,Mexico City,NOR,McLaren,4.0,MEDIUM,34,-0.23749005786260072,92.22847528851376,84.49485294117648,False
season2023,Mexico City,OCO,Alpine,1.0,HARD,27,0.05835390690775128,85.48584564807759,85.54522222222222,False
season2023,Mexico City,OCO,Alpine,2.0,MEDIUM,33,-0.1297465402402,90.33546509180009,84.98327272727272,False
season2023,Mexico City,PIA,McLaren,1.0,MEDIUM,21,0.08770334131362655,83.86361163734777,84.309,False
season2023,Mexico City,PIA,McLaren,3.0,MEDIUM,34,-0.25631873981010855,93.83858727342472,85.21132352941176,False
season2023,Mexico City,RIC,AlphaTauri,1.0,MEDIUM,23,0.08250452119774718,83.89734679810259,84.30034782608696,False
season2023,Mexico City,RIC,AlphaTauri,3.0,HARD,33,0.06673326807012452,84.46601588769934,83.2949696969697,False
season2023,Mexico City,RUS,Mercedes,1.0,MEDIUM,22,0.07269193400148875,84.10467311479712,84.35477272727273,False
season2023,Mexico City,RUS,Mercedes,3.0,MEDIUM,34,-0.20147851731082803,92.74309700776834,84.93226470588236,False
season2023,Mexico City,SAI,Ferrari,1.0,MEDIUM,26,0.0737084412705093,83.82822100865829,84.13115384615384,False
season2023,Mexico City,SAI,Ferrari,3.0,HARD,33,0.04299753017674905,84.8603920103463,82.92524242424243,False
season2023,Mexico City,SAR,Williams,1.0,MEDIUM,17,0.06208183413777859,85.07320996050898,85.16194117647059,False
season2023,Mexico City,SAR,Williams,2.0,HARD,8,0.39779761904762423,83.6972380952381,84.372625,False
season2023,Mexico City,SAR,Williams,3.0,MEDIUM,32,-0.13999683803031895,90.67716094524178,85.242375,False
season2023,Mexico City,STR,Aston Martin,1.0,MEDIUM,25,0.0489230769230754,85.26900000000005,85.21656000000002,False
season2023,Mexico City,STR,Aston Martin,3.0,HARD,29,-0.13921909076946595,90.79565281830745,85.01489655172414,False
season2023,Mexico City,TSU,AlphaTauri,2.0,HARD,21,0.15050909090909173,83.32255757575754,83.97366666666667,False
season2023,Mexico City,TSU,AlphaTauri,3.0,HARD,33,-0.17981668449751437,91.85051447749859,85.55457575757578,False
season2023,Mexico City,VER,Red Bull Racing,1.0,MEDIUM,15,0.06507434350602942,83.49808853797022,83.60353333333333,False
season2023,Mexico City,VER,Red Bull Racing,2.0,HARD,12,0.08696853146852894,83.72915268065269,82.92391666666667,False
season2023,Mexico City,VER,Red Bull Racing,4.0,HARD,33,0.06681397291277433,83.79252813802276,82.22275757575758,False
season2023,Mexico City,ZHO,Alfa Romeo,1.0,MEDIUM,16,0.107858695652175,84.57725815217393,85.2115625,False
season2023,Mexico City,ZHO,Alfa Romeo,2.0,HARD,9,0.26656666666667134,84.46371111111108,84.57811111111111,False
season2023,Mexico City,ZHO,Alfa Romeo,3.0,HARD,33,-0.17298883634326384,94.16706226931191,85.61969696969697,False
season2023,Miami,ALB,Williams,1.0,MEDIUM,20,0.03319172932330866,94.15574511278194,93.90495000000001,False
season2023,Miami,ALB,Williams,2.0,HARD,34,0.05111841100076321,93.71736822001527,92.4355588235294,False
season2023,Miami,ALO,Aston Martin,1.0,MEDIUM,22,0.0026092603049126225,93.63154771315645,92.97927272727273,False
season2023,Miami,ALO,Aston Martin,2.0,HARD,32,0.018739552785923017,93.73022452346038,91.79440625,False
season2023,Miami,BOT,Alfa Romeo,1.0,MEDIUM,13,-0.06097802197801687,94.83828571428567,93.91046153846153,False
season2023,Miami,BOT,Alfa Romeo,2.0,HARD,41,0.034258536585366296,93.95501951219508,92.67370731707318,False
season2023,Miami,DEV,AlphaTauri,1.0,MEDIUM,13,-0.04314285714285138,94.98768131868127,94.20253846153845,False
season2023,Miami,DEV,AlphaTauri,2.0,HARD,41,0.015057839721255876,94.51931289198599,92.81558536585365,False
season2023,Miami,GAS,Alpine,1.0,MEDIUM,13,0.04593956043956494,93.69963736263733,93.62715384615385,False
season2023,Miami,GAS,Alpine,2.0,HARD,41,0.04070714285714244,93.61600383275261,92.47656097560976,False
season2023,Miami,HAM,Mercedes,1.0,HARD,35,0.006186274509803947,94.23743221288518,93.30997142857142,False
season2023,Miami,HAM,Mercedes,2.0,MEDIUM,19,0.02888421052631362,93.71016842105266,91.38789473684211,False
season2023,Miami,HUL,Haas F1 Team,1.0,HARD,31,0.016561290322582863,94.23258709677415,93.57912903225807,False
season2023,Miami,HUL,Haas F1 Team,2.0,MEDIUM,23,0.09201976284584532,93.55183003952573,92.21808695652174,False
season2023,Miami,LEC,Ferrari,1.0,MEDIUM,15,-0.01966071428571575,94.38367976190476,93.71173333333334,False
season2023,Miami,LEC,Ferrari,2.0,HARD,39,0.021635829959516528,93.92480141700396,92.28915384615385,False
season2023,Miami,MAG,Haas F1 Team,1.0,MEDIUM,12,-0.004888111888113581,94.14582750582753,93.69666666666667,False
season2023,Miami,MAG,Haas F1 Team,2.0,HARD,42,0.03715274288955379,93.78763471355647,92.61607142857143,False
season2023,Miami,NOR,McLaren,2.0,HARD,52,0.04556313497822976,93.54393686502179,93.06442307692305,False
season2023,Miami,OCO,Alpine,1.0,HARD,37,0.025138928402085814,93.88978899952585,93.29256756756756,False
season2023,Miami,OCO,Alpine,2.0,MEDIUM,17,0.03067647058823527,94.10105882352941,91.71282352941178,False
season2023,Miami,PER,Red Bull Racing,1.0,MEDIUM,18,-0.005088751289991133,93.52137633298933,92.89044444444444,False
season2023,Miami,PER,Red Bull Racing,2.0,HARD,36,0.03234581724581559,92.95056211926213,91.40880555555556,False
season2023,Miami,PIA,McLaren,2.0,HARD,50,0.031156638655462088,94.5772890756302,93.67044000000001,False
season2023,Miami,RUS,Mercedes,1.0,MEDIUM,15,-0.02607500000000103,94.00754166666665,93.27786666666664,False
season2023,Miami,RUS,Mercedes,2.0,HARD,39,0.011625708502026462,93.82883448043178,91.98297435897436,False
season2023,Miami,SAI,Ferrari,1.0,MEDIUM,16,-0.003823529411762066,93.67482352941173,93.116,False
season2023,Miami,SAI,Ferrari,2.0,HARD,38,0.016152533099901945,93.99618886092568,92.20981578947368,False
season2023,Miami,SAR,Williams,2.0,HARD,53,0.04069948395420056,93.88909369456535,93.378679245283,False
season2023,Miami,STR,Aston Martin,1.0,HARD,40,0.006365009380861407,94.37221228893058,93.332925,False
season2023,Miami,STR,Aston Martin,2.0,MEDIUM,14,0.0285384615384614,93.91095604395608,91.40457142857144,False
season2023,Miami,TSU,AlphaTauri,1.0,HARD,34,0.00957876241405616,94.26229289533994,93.42199999999998,False
season2023,Miami,TSU,AlphaTauri,2.0,MEDIUM,20,0.0032451127819569728,94.42238120300748,91.84720000000002,False
season2023,Miami,VER,Red Bull Racing,1.0,HARD,43,0.0013698278465731106,93.29149395952878,92.058,False
season2023,Miami,VER,Red Bull Racing,2.0,MEDIUM,11,-0.04178181818181575,93.70192727272727,90.54945454545454,False
season2023,Miami,ZHO,Alfa Romeo,1.0,HARD,29,0.04147881773399033,94.08464926108374,93.86831034482756,False
season2023,Miami,ZHO,Alfa Romeo,2.0,MEDIUM,25,0.04680538461538405,93.94320461538464,92.12348000000001,False
season2023,Montréal,ALB,Williams,1.0,MEDIUM,8,0.03275471698113604,78.94352830188673,78.83725,False
season2023,Montréal,ALB,Williams,2.0,HARD,51,0.018428617639719428,79.651900476591,77.8173137254902,False
season2023,Montréal,ALO,Aston Martin,1.0,MEDIUM,8,0.014688679245282147,77.95682075471701,77.704875,False
season2023,Montréal,ALO,Aston Martin,2.0,HARD,21,0.05691818348120298,77.71524586115433,77.08557142857143,False
season2023,Montréal,ALO,Aston Martin,3.0,HARD,28,0.05276272577996644,78.45757060755335,76.16789285714286,False
season2023,Montréal,BOT,Alfa Romeo,1.0,HARD,25,0.009458874801903466,79.44094960380346,78.56656,False
season2023,Montréal,BOT,Alfa Romeo,2.0,MEDIUM,33,0.06650401069518923,78.9637459893048,77.19081818181819,False
season2023,Montréal,DEV,AlphaTauri,2.0,HARD,31,0.04367162797787441,79.46254628500502,78.60722580645162,False
season2023,Montréal,DEV,AlphaTauri,3.0,HARD,18,0.05488132094942885,79.72374613003096,76.97250000000001,False
season2023,Montréal,GAS,Alpine,2.0,HARD,15,0.0006262234910284847,79.96913254486131,78.6434,False
season2023,Montréal,GAS,Alpine,3.0,HARD,35,0.03822969187675068,79.083006162465,76.9326,False
season2023,Montréal,HAM,Mercedes,1.0,MEDIUM,8,0.012176100628929347,78.02489937106921,77.75725,False
season2023,Montréal,HAM,Mercedes,2.0,HARD,20,0.06505490284681453,77.76901547672841,77.26185000000001,False
season2023,Montréal,HAM,Mercedes,3.0,MEDIUM,29,0.07414285714285654,78.06030049261084,76.16658620689655,False
season2023,Montréal,HUL,Haas F1 Team,2.0,HARD,13,0.00037359760658215206,80.01053627524306,78.74161538461539,False
season2023,Montréal,HUL,Haas F1 Team,3.0,HARD,36,0.07109372366128999,79.22916720514695,77.85319444444445,False
season2023,Montréal,LEC,Ferrari,1.0,MEDIUM,27,0.00218228393753042,78.90043823758037,77.81474074074075,False
season2023,Montréal,LEC,Ferrari,2.0,HARD,30,0.0618331479421569,78.2640197256211,76.23176666666667,False
season2023,Montréal,MAG,Haas F1 Team,1.0,HARD,25,0.048918019633754854,78.9758173022465,78.85879999999999,False
season2023,Montréal,MAG,Haas F1 Team,2.0,MEDIUM,16,0.005977941176472688,80.2898970588235,77.89918750000001,False
season2023,Montréal,MAG,Haas F1 Team,3.0,MEDIUM,15,0.04644999999999838,79.7220166666667,76.73006666666667,False
season2023,Montréal,NOR,McLaren,1.0,MEDIUM,8,0.0186100628930785,79.0659371069183,78.83850000000001,False
season2023,Montréal,NOR,McLaren,2.0,HARD,16,0.0321530997304583,79.32499056603773,78.365125,False
season2023,Montréal,NOR,McLaren,3.0,HARD,34,0.06068265851795435,78.89574698242934,77.13655882352941,False
season2023,Montréal,OCO,Alpine,1.0,MEDIUM,8,-0.018179245283022432,78.94524528301892,78.487875,False
season2023,Montréal,OCO,Alpine,2.0,HARD,17,0.00782073353293585,79.41508907185626,78.12788235294117,False
season2023,Montréal,OCO,Alpine,3.0,HARD,33,0.057871657754010784,79.0740071301248,77.14569696969696,False
season2023,Montréal,PER,Red Bull Racing,1.0,HARD,25,0.010786450079239963,78.94090015847861,78.09200000000001,False
season2023,Montréal,PER,Red Bull Racing,2.0,MEDIUM,29,0.05827241379310406,78.49384827586205,76.51120689655173,False
season2023,Montréal,PIA,McLaren,1.0,MEDIUM,8,-0.02355660377358766,79.16660377358497,78.675625,False
season2023,Montréal,PIA,McLaren,2.0,HARD,17,-0.015982397833578646,80.12952966518954,78.52170588235295,False
season2023,Montréal,PIA,McLaren,3.0,HARD,32,0.04642412023460275,79.18701539589446,77.0019375,False
season2023,Montréal,RUS,Mercedes,1.0,MEDIUM,8,0.0011918238993707446,78.22617610062898,77.88987499999999,False
season2023,Montréal,RUS,Mercedes,2.0,HARD,35,0.0048307899030598156,79.88252567424901,78.0586,False
season2023,Montréal,SAI,Ferrari,1.0,MEDIUM,26,0.005788333673261521,78.86063198042014,77.88207692307691,False
season2023,Montréal,SAI,Ferrari,2.0,HARD,31,0.05023185483870971,78.48260685483869,76.31154838709679,False
season2023,Montréal,STR,Aston Martin,2.0,HARD,10,-0.04767272727272681,80.4223636363636,78.73929999999999,False
season2023,Montréal,STR,Aston Martin,3.0,HARD,41,0.05086097231323709,78.73568948640234,77.1560975609756,False
season2023,Montréal,TSU,AlphaTauri,2.0,HARD,23,0.07421303564534758,78.23248256337669,78.53,False
season2023,Montréal,VER,Red Bull Racing,1.0,MEDIUM,8,0.002757861635219367,77.84463836477991,77.518125,False
season2023,Montréal,VER,Red Bull Racing,2.0,HARD,22,0.07503448665336301,77.23225228718802,76.90100000000001,False
season2023,Montréal,VER,Red Bull Racing,3.0,MEDIUM,27,0.054259462759461655,78.29799694749697,75.97688888888888,False
season2023,Montréal,ZHO,Alfa Romeo,1.0,MEDIUM,8,-0.07046226415094375,79.93576415094343,79.151625,False
season2023,Montréal,ZHO,Alfa Romeo,2.0,HARD,14,0.015180434782610363,79.84174347826081,78.71528571428573,False
season2023,Montréal,ZHO,Alfa Romeo,3.0,HARD,34,0.060455462184872764,79.36104537815127,77.71288235294118,False
season2023,Monza,ALB,Williams,1.0,MEDIUM,13,0.14147252747252523,85.9431098901099,87.05930769230768,False
season2023,Monza,ALB,Williams,2.0,HARD,35,0.06905910364145626,87.31604257703081,86.96534285714286,False
season2023,Monza,ALO,Aston Martin,1.0,MEDIUM,19,0.06061052631578883,87.2637052631579,87.3254210526316,False
season2023,Monza,ALO,Aston Martin,2.0,HARD,29,0.057479802955665064,87.67615960591137,86.73327586206896,False
season2023,Monza,BOT,Alfa Romeo,1.0,HARD,23,0.08961660079051414,87.09726482213436,87.81613043478261,False
season2023,Monza,BOT,Alfa Romeo,2.0,MEDIUM,24,0.08897304347825942,87.48919478260872,86.83974999999998,False
season2023,Monza,GAS,Alpine,1.0,MEDIUM,8,-0.10983333333333037,88.52133333333335,87.61475,False
season2023,Monza,GAS,Alpine,2.0,HARD,19,0.06599824561403506,87.54160350877193,87.31057894736841,False
season2023,Monza,GAS,Alpine,3.0,MEDIUM,18,0.0625325077399379,88.17674200206396,86.55083333333333,False
season2023,Monza,HAM,Mercedes,1.0,HARD,25,0.0748869230769216,86.7812023076923,87.28428,False
season2023,Monza,HAM,Mercedes,2.0,MEDIUM,23,0.054695652173910855,87.81495652173915,86.32600000000001,False
season2023,Monza,HUL,Haas F1 Team,1.0,MEDIUM,12,0.1484020979021,86.55486130536127,87.70058333333333,False
season2023,Monza,HUL,Haas F1 Team,2.0,HARD,23,0.12136561264822199,86.86202766798417,87.56160869565217,False
season2023,Monza,HUL,Haas F1 Team,3.0,MEDIUM,10,0.022072727272733614,88.597109090909,86.3043,False
season2023,Monza,LAW,AlphaTauri,1.0,MEDIUM,11,0.06617272727272386,87.21736363636367,87.49409090909091,False
season2023,Monza,LAW,AlphaTauri,2.0,HARD,18,0.07481527347781507,87.50654936360506,87.22405555555557,False
season2023,Monza,LAW,AlphaTauri,3.0,MEDIUM,16,0.07410000000000068,87.69987499999998,86.288625,False
season2023,Monza,LEC,Ferrari,1.0,MEDIUM,18,0.15329824561403588,85.69470175438595,86.72683333333333,False
season2023,Monza,LEC,Ferrari,2.0,HARD,30,0.09124538375973132,86.69145116796446,86.1895,False
season2023,Monza,MAG,Haas F1 Team,1.0,HARD,10,0.007612121212119368,88.68607272727276,88.4085,False
season2023,Monza,MAG,Haas F1 Team,2.0,MEDIUM,19,0.03368070175438383,88.352301754386,87.45778947368422,False
season2023,Monza,MAG,Haas F1 Team,3.0,MEDIUM,16,0.05648823529412016,88.63398676470584,86.833125,False
season2023,Monza,NOR,McLaren,1.0,MEDIUM,20,0.0869097744360908,86.88083759398495,87.2478,False
season2023,Monza,NOR,McLaren,2.0,HARD,28,0.09703995621236942,87.0342922824302,86.86407142857145,False
season2023,Monza,OCO,Alpine,1.0,MEDIUM,22,0.12490909090909037,87.18863636363639,88.06249999999999,False
season2023,Monza,OCO,Alpine,2.0,HARD,13,0.07084615384615425,88.24730769230769,87.26661538461538,False
season2023,Monza,PER,Red Bull Racing,1.0,MEDIUM,19,0.08430526315789302,86.37943157894739,86.70178947368423,False
season2023,Monza,PER,Red Bull Racing,2.0,HARD,29,0.07150443349753796,86.88765320197041,85.99672413793104,False
season2023,Monza,PIA,McLaren,1.0,MEDIUM,21,0.07991558441558355,86.9745367965368,87.27352380952382,False
season2023,Monza,PIA,McLaren,2.0,HARD,16,0.0969470588235277,87.03289264705887,86.65112500000001,False
season2023,Monza,PIA,McLaren,3.0,MEDIUM,8,0.11533333333332992,87.4206666666667,85.8435,False
season2023,Monza,RUS,Mercedes,1.0,MEDIUM,17,0.1336617647058793,86.04714705882355,86.83376470588234,False
season2023,Monza,RUS,Mercedes,2.0,HARD,31,0.05911733870967768,87.13516935483871,86.33751612903225,False
season2023,Monza,SAI,Ferrari,1.0,MEDIUM,17,0.16376715686274243,85.6410931372549,86.72876470588234,False
season2023,Monza,SAI,Ferrari,2.0,HARD,31,0.0982891129032272,86.50766572580642,86.19858064516129,False
season2023,Monza,SAR,Williams,1.0,MEDIUM,12,0.09963636363636333,86.97848484848487,87.61216666666667,False
season2023,Monza,SAR,Williams,2.0,HARD,35,0.0847366946778711,87.38030700280112,87.42951428571429,False
season2023,Monza,STR,Aston Martin,1.0,MEDIUM,18,0.06164809081527235,87.81419504643964,87.884,False
season2023,Monza,STR,Aston Martin,2.0,HARD,29,0.12873349753694693,86.89401970443348,87.4886896551724,False
season2023,Monza,VER,Red Bull Racing,1.0,MEDIUM,18,0.09126109391124922,86.07575851393189,86.45649999999999,False
season2023,Monza,VER,Red Bull Racing,2.0,HARD,30,0.10597619577308028,86.27595943641086,86.0170666666667,False
season2023,Monza,ZHO,Alfa Romeo,1.0,MEDIUM,9,-0.02718333333333123,88.00998888888888,87.51688888888889,False
season2023,Monza,ZHO,Alfa Romeo,2.0,HARD,20,0.08487744360902037,87.2972270676692,87.29044999999999,False
season2023,Monza,ZHO,Alfa Romeo,3.0,MEDIUM,16,0.09683676470588447,88.03086323529408,86.6133125,False
season2023,Sakhir,ALB,Williams,1.0,SOFT,8,0.21821428571428197,99.55235714285712,100.61325000000001,False
season2023,Sakhir,ALB,Williams,2.0,SOFT,13,0.15946703296703657,99.07303296703293,99.30376923076923,False
season2023,Sakhir,ALB,Williams,3.0,HARD,12,0.09787062937062613,99.15205361305365,98.04358333333333,False
season2023,Sakhir,ALB,Williams,4.0,SOFT,16,0.11090588235294388,99.327644117647,97.65875000000001,False
season2023,Sakhir,ALO,Aston Martin,1.0,SOFT,11,0.21689090909090672,98.10620000000002,100.052,False
season2023,Sakhir,ALO,Aston Martin,2.0,HARD,18,0.05661506707946184,98.88720846233228,98.13416666666667,False
season2023,Sakhir,ALO,Aston Martin,3.0,HARD,20,0.07942926284437886,98.62092665673863,97.07095,False
season2023,Sakhir,BOT,Alfa Romeo,1.0,SOFT,8,0.1689761904761833,99.56165476190479,100.30250000000001,False
season2023,Sakhir,BOT,Alfa Romeo,2.0,HARD,16,0.10848970588235804,99.36978529411758,99.2729375,False
season2023,Sakhir,BOT,Alfa Romeo,3.0,HARD,25,0.0676191031880034,99.2023401032873,97.80015999999999,False
season2023,Sakhir,DEV,AlphaTauri,1.0,SOFT,8,0.21101190476190243,100.07054761904763,101.084625,False
season2023,Sakhir,DEV,AlphaTauri,2.0,HARD,14,0.16573186813186552,99.00770769230769,99.34392857142858,False
season2023,Sakhir,DEV,AlphaTauri,3.0,HARD,26,0.12496720617793139,99.29666719559928,98.90692307692309,False
season2023,Sakhir,GAS,Alpine,2.0,HARD,14,0.10272087912088095,99.2170153846153,99.12764285714285,False
season2023,Sakhir,GAS,Alpine,3.0,HARD,13,0.06922527472527924,99.36027472527469,98.09907692307692,False
season2023,Sakhir,GAS,Alpine,4.0,SOFT,16,0.21772794117647218,97.28839705882349,96.63431250000001,False
season2023,Sakhir,HAM,Mercedes,1.0,SOFT,9,0.2531333333333326,97.73111111111108,99.87744444444444,False
season2023,Sakhir,HAM,Mercedes,2.0,HARD,16,0.03569558823529621,99.30857941176468,98.4651875,False
season2023,Sakhir,HAM,Mercedes,3.0,HARD,24,0.08775770667912208,98.8616356842597,97.69754166666667,False
season2023,Sakhir,HUL,Haas F1 Team,1.0,SOFT,8,0.2492619047619053,99.20901190476188,101.2195,False
season2023,Sakhir,HUL,Haas F1 Team,2.0,HARD,13,0.1436263736263751,99.50068131868132,99.60469230769232,False
season2023,Sakhir,HUL,Haas F1 Team,3.0,HARD,12,0.147909090909087,98.58068181818186,97.84750000000001,False
season2023,Sakhir,HUL,Haas F1 Team,4.0,SOFT,15,0.17524642857142866,98.29204285714285,97.7,False
season2023,Sakhir,LEC,Ferrari,1.0,SOFT,10,0.1333272727272721,98.27514545454545,98.8626,False
season2023,Sakhir,LEC,Ferrari,2.0,HARD,18,0.11429721362228869,98.41799036807708,98.32561111111112,False
season2023,Sakhir,MAG,Haas F1 Team,1.0,HARD,12,0.09181468531468528,101.17115850815851,101.48408333333334,False
season2023,Sakhir,MAG,Haas F1 Team,2.0,HARD,12,0.15091258741258765,99.11757226107225,99.01191666666666,False
season2023,Sakhir,MAG,Haas F1 Team,3.0,SOFT,9,0.12135000000000115,99.08178888888891,97.88488888888888,False
season2023,Sakhir,MAG,Haas F1 Team,4.0,SOFT,15,0.22216071428571352,98.49448690476191,97.79893333333334,False
season2023,Sakhir,NOR,McLaren,3.0,SOFT,8,0.10747619047619048,98.74770238095239,98.42375,False
season2023,Sakhir,NOR,McLaren,4.0,MEDIUM,8,0.2903928571428621,98.1912142857143,98.00087500000001,False
season2023,Sakhir,OCO,Alpine,1.0,SOFT,9,0.2165666666666643,98.65400000000001,100.43466666666666,False
season2023,Sakhir,OCO,Alpine,3.0,HARD,15,0.165403571428569,98.8012904761905,99.46613333333335,False
season2023,Sakhir,PER,Red Bull Racing,1.0,SOFT,14,0.07099560439560632,98.53391208791207,98.89885714285715,False
season2023,Sakhir,PER,Red Bull Racing,2.0,SOFT,15,0.08145357142857096,98.08634404761906,97.55233333333334,False
season2023,Sakhir,PER,Red Bull Racing,3.0,HARD,20,0.0771289156626536,98.48842409638554,96.90610000000001,False
season2023,Sakhir,PIA,McLaren,1.0,SOFT,10,0.13760606060606181,100.52745454545452,101.147,False
season2023,Sakhir,RUS,Mercedes,1.0,SOFT,10,0.2906909090909064,97.45134545454545,100.0911,False
season2023,Sakhir,RUS,Mercedes,2.0,HARD,16,0.09697352941176843,98.76487647058818,98.448625,False
season2023,Sakhir,RUS,Mercedes,3.0,HARD,23,0.06952863970079078,99.06987044604516,97.57395652173913,False
season2023,Sakhir,SAI,Ferrari,1.0,SOFT,10,0.23629090909090852,97.60974545454542,99.67830000000001,False
season2023,Sakhir,SAI,Ferrari,2.0,HARD,16,0.08296470588235527,98.8072102941176,98.357875,False
season2023,Sakhir,SAI,Ferrari,3.0,HARD,23,0.07584734727801688,99.12593600221638,97.72095652173914,False
season2023,Sakhir,SAR,Williams,1.0,SOFT,9,0.15980000000000197,100.1574,100.891,False
season2023,Sakhir,SAR,Williams,2.0,SOFT,16,0.1225897058823558,99.4523352941176,99.4344375,False
season2023,Sakhir,SAR,Williams,3.0,HARD,8,0.08769047619048104,99.33770238095236,97.86749999999999,False
season2023,Sakhir,SAR,Williams,4.0,SOFT,15,0.18148214285714073,98.62339404761909,97.56173333333332,False
season2023,Sakhir,STR,Aston Martin,1.0,SOFT,12,0.18394405594405558,98.46514335664332,100.11299999999999,False
season2023,Sakhir,STR,Aston Martin,2.0,HARD,13,0.1262527472527497,98.65659340659337,98.40161538461538,False
season2023,Sakhir,STR,Aston Martin,3.0,HARD,24,0.08533640822045821,98.7053016113965,97.50529166666666,False
season2023,Sakhir,TSU,AlphaTauri,2.0,HARD,14,0.11672747252747027,99.3408879120879,99.31557142857143,False
season2023,Sakhir,TSU,AlphaTauri,3.0,HARD,12,0.09167832167831816,99.20524592074595,98.05033333333334,False
season2023,Sakhir,TSU,AlphaTauri,4.0,SOFT,16,0.143598529411765,98.4079558823529,97.4804375,False
season2023,Sakhir,VER,Red Bull Racing,1.0,SOFT,11,0.12051818181817998,97.33075454545455,98.21645454545455,False
season2023,Sakhir,VER,Red Bull Racing,2.0,SOFT,20,0.05573834586466342,98.38330902255638,97.62179999999998,False
season2023,Sakhir,VER,Red Bull Racing,3.0,HARD,18,0.06766837753065247,98.63031251782155,96.80444444444444,False
season2023,Sakhir,ZHO,Alfa Romeo,1.0,SOFT,9,0.22450000000000325,100.05538888888884,101.24188888888888,False
season2023,Sakhir,ZHO,Alfa Romeo,2.0,HARD,18,0.08233126934984453,99.58324389404882,99.21022222222223,False
season2023,Sakhir,ZHO,Alfa Romeo,3.0,SOFT,18,0.1256635634859071,99.02171269718127,98.47488888888888,False
season2023,Silverstone,ALB,Williams,1.0,MEDIUM,30,0.005773303670742882,94.42270715609942,93.61046666666668,False
season2023,Silverstone,ALB,Williams,2.0,SOFT,14,0.031076923076926007,93.85458241758235,91.89592857142858,False
season2023,Silverstone,ALO,Aston Martin,1.0,MEDIUM,30,0.004157730812015208,94.28067304412303,93.44593333333336,False
season2023,Silverstone,ALO,Aston Martin,2.0,SOFT,14,0.04941318681318586,93.6778813186813,91.94128571428573,False
season2023,Silverstone,BOT,Alfa Romeo,1.0,HARD,30,-0.016788876529477813,95.32854979606974,94.14403333333333,False
season2023,Silverstone,BOT,Alfa Romeo,2.0,SOFT,14,0.007615384615386886,94.7028351648352,92.30314285714287,False
season2023,Silverstone,DEV,AlphaTauri,1.0,SOFT,25,-0.008733846153846411,95.01939384615386,94.12711999999999,False
season2023,Silverstone,DEV,AlphaTauri,3.0,SOFT,14,-0.007883516483515892,95.3782131868132,92.76928571428572,False
season2023,Silverstone,GAS,Alpine,1.0,MEDIUM,29,0.01592463054187146,94.1461024630542,93.52089655172414,False
season2023,Silverstone,HAM,Mercedes,1.0,MEDIUM,30,0.0028262513904333936,94.03316685205786,93.17230000000004,False
season2023,Silverstone,HAM,Mercedes,2.0,SOFT,14,0.10205274725274582,92.22146813186812,91.30078571428574,False
season2023,Silverstone,HUL,Haas F1 Team,2.0,MEDIUM,23,0.016608695652170363,94.44821739130437,93.5641304347826,False
season2023,Silverstone,HUL,Haas F1 Team,3.0,SOFT,14,0.010786813186814268,94.63437802197804,92.2775,False
season2023,Silverstone,LEC,Ferrari,1.0,MEDIUM,16,0.035304411764706764,93.58129558823526,93.3941875,False
season2023,Silverstone,LEC,Ferrari,2.0,HARD,12,0.054395104895098446,93.80628671328674,92.81175,False
season2023,Silverstone,LEC,Ferrari,3.0,MEDIUM,14,0.02448351648351843,94.07875824175825,91.9067857142857,False
season2023,Silverstone,MAG,Haas F1 Team,1.0,MEDIUM,30,-0.0035272525027829193,95.30349966629593,94.33780000000002,False
season2023,Silverstone,NOR,McLaren,1.0,MEDIUM,31,0.03513709677419445,93.25037903225804,92.91270967741933,False
season2023,Silverstone,NOR,McLaren,2.0,HARD,14,0.08833846153846514,92.50591208791207,91.10764285714285,False
season2023,Silverstone,PER,Red Bull Racing,1.0,MEDIUM,26,-0.009402051282052204,94.41444512820516,93.4806153846154,False
season2023,Silverstone,PER,Red Bull Racing,2.0,SOFT,16,0.028776236429434374,93.49580880579003,91.54606249999999,False
season2023,Silverstone,PIA,McLaren,1.0,MEDIUM,27,0.03977777777777716,93.24566666666666,93.01733333333334,False
season2023,Silverstone,PIA,McLaren,2.0,HARD,15,0.043041378225298625,93.12829059156701,91.34753333333333,False
season2023,Silverstone,RUS,Mercedes,1.0,SOFT,26,0.018510085470085133,93.6694581196581,93.19588461538463,False
season2023,Silverstone,RUS,Mercedes,2.0,MEDIUM,16,0.051797949336549326,93.1412195416164,91.5511875,False
season2023,Silverstone,SAI,Ferrari,1.0,MEDIUM,24,0.0208304347826083,93.80987246376812,93.34858333333334,False
season2023,Silverstone,SAI,Ferrari,2.0,HARD,18,0.034543167215595416,93.84122838939578,92.08505555555556,False
season2023,Silverstone,SAR,Williams,1.0,MEDIUM,27,-0.008211843711843442,94.92847395197393,93.98029629629629,False
season2023,Silverstone,SAR,Williams,2.0,SOFT,15,0.03558338577721915,94.06253807426054,92.16593333333334,False
season2023,Silverstone,STR,Aston Martin,1.0,MEDIUM,29,0.02366798029556435,94.31533399014778,93.83768965517244,False
season2023,Silverstone,STR,Aston Martin,2.0,SOFT,14,0.02449010989011206,94.19220879120873,92.1182857142857,False
season2023,Silverstone,TSU,AlphaTauri,1.0,SOFT,12,-0.00022727272727584265,94.90528787878792,94.49108333333334,False
season2023,Silverstone,TSU,AlphaTauri,2.0,HARD,16,0.06673676470588513,93.85531323529406,93.1968125,False
season2023,Silverstone,TSU,AlphaTauri,3.0,SOFT,14,0.04452307692307898,94.56122417582421,92.65978571428572,False
season2023,Silverstone,VER,Red Bull Racing,1.0,MEDIUM,31,0.026156048387097938,93.06896008064513,92.5786129032258,False
season2023,Silverstone,VER,Red Bull Racing,2.0,SOFT,14,0.1322197802197784,91.37645054945051,90.92335714285714,False
season2023,Silverstone,ZHO,Alfa Romeo,1.0,MEDIUM,22,-0.012264822134387295,95.14017391304351,94.29936363636362,False
season2023,Silverstone,ZHO,Alfa Romeo,4.0,SOFT,14,-0.019072527472522825,95.21583516483511,92.47492857142856,False
season2023,Spa-Francorchamps,ALB,Williams,2.0,MEDIUM,14,0.3489274725274702,112.26911648351647,114.38250000000001,False
season2023,Spa-Francorchamps,ALB,Williams,3.0,MEDIUM,8,0.4183095238095236,111.75304761904765,112.48625,False
season2023,Spa-Francorchamps,ALB,Williams,4.0,SOFT,9,0.2993833333333334,112.02547777777778,111.67677777777777,False
season2023,Spa-Francorchamps,ALO,Aston Martin,2.0,MEDIUM,17,0.10727450980392139,113.34949019607839,113.32223529411765,False
season2023,Spa-Francorchamps,ALO,Aston Martin,3.0,SOFT,13,-0.002598901098894716,113.54279120879116,111.48700000000001,False
season2023,Spa-Francorchamps,BOT,Alfa Romeo,2.0,MEDIUM,16,0.2521647058823554,113.0100602941176,114.55312500000001,False
season2023,Spa-Francorchamps,BOT,Alfa Romeo,3.0,MEDIUM,18,0.1204406604747161,112.74253973168213,112.10966666666667,False
season2023,Spa-Francorchamps,GAS,Alpine,1.0,SOFT,19,0.1702947368421044,113.43653684210523,114.93536842105263,False
season2023,Spa-Francorchamps,GAS,Alpine,2.0,MEDIUM,19,0.07494210526315527,113.27226842105263,112.22663157894738,False
season2023,Spa-Francorchamps,HAM,Mercedes,1.0,SOFT,8,0.21109523809524527,112.16278571428563,113.3335,False
season2023,Spa-Francorchamps,HAM,Mercedes,2.0,MEDIUM,13,0.13699450549450887,113.13889010989013,113.13484615384617,False
season2023,Spa-Francorchamps,HAM,Mercedes,3.0,SOFT,13,0.15208241758242264,111.9577252747253,111.24938461538461,False
season2023,Spa-Francorchamps,HUL,Haas F1 Team,1.0,MEDIUM,8,-0.054083333333327314,115.90049999999994,115.082375,False
season2023,Spa-Francorchamps,HUL,Haas F1 Team,2.0,SOFT,10,0.22062424242423645,113.93864242424247,114.3552,False
season2023,Spa-Francorchamps,HUL,Haas F1 Team,3.0,SOFT,18,0.33235190918472235,111.53213828689371,113.12433333333334,False
season2023,Spa-Francorchamps,LEC,Ferrari,1.0,SOFT,9,0.20061666666666825,111.8416222222222,113.00655555555555,False
season2023,Spa-Francorchamps,LEC,Ferrari,2.0,MEDIUM,13,0.03992857142857731,113.92695604395601,113.09138461538463,False
season2023,Spa-Francorchamps,LEC,Ferrari,3.0,SOFT,14,0.14874945054945096,112.08741538461534,111.34428571428573,False
season2023,Spa-Francorchamps,MAG,Haas F1 Team,2.0,MEDIUM,18,0.22899380804953295,112.85862057103542,114.41055555555555,False
season2023,Spa-Francorchamps,MAG,Haas F1 Team,3.0,MEDIUM,17,0.23803431372549008,112.48683333333335,112.94217647058824,False
season2023,Spa-Francorchamps,NOR,McLaren,2.0,HARD,10,0.3201272727272779,112.74807272727271,114.19640000000001,False
season2023,Spa-Francorchamps,NOR,McLaren,3.0,SOFT,25,0.05330538461538419,113.35588461538464,112.39716,False
season2023,Spa-Francorchamps,OCO,Alpine,2.0,MEDIUM,17,0.2799583333333323,112.37341666666663,114.29299999999999,False
season2023,Spa-Francorchamps,OCO,Alpine,3.0,SOFT,17,0.08246568627450701,112.817637254902,111.71729411764706,False
season2023,Spa-Francorchamps,PER,Red Bull Racing,1.0,SOFT,9,0.1086166666666704,112.12673333333326,112.55566666666667,False
season2023,Spa-Francorchamps,PER,Red Bull Racing,2.0,MEDIUM,14,0.0427142857142889,113.76514285714279,112.94571428571429,False
season2023,Spa-Francorchamps,PER,Red Bull Racing,3.0,SOFT,13,0.06922527472528281,112.57904395604392,111.09784615384615,False
season2023,Spa-Francorchamps,RIC,AlphaTauri,2.0,MEDIUM,15,0.3165857142857146,112.21512857142858,114.2944,False
season2023,Spa-Francorchamps,RIC,AlphaTauri,3.0,MEDIUM,20,0.20415639097744462,112.22230150375937,112.72759999999998,False
season2023,Spa-Francorchamps,RUS,Mercedes,1.0,MEDIUM,18,0.11675025799793415,114.0324551083591,114.80433333333333,False
season2023,Spa-Francorchamps,RUS,Mercedes,2.0,SOFT,20,0.10017443609022803,112.37689398496241,111.6864,False
season2023,Spa-Francorchamps,SAI,Ferrari,2.0,MEDIUM,14,0.4301802197802203,113.27175384615376,116.07578571428571,False
season2023,Spa-Francorchamps,SAR,Williams,2.0,MEDIUM,14,0.1197516483516505,114.86075384615378,114.97114285714288,False
season2023,Spa-Francorchamps,SAR,Williams,3.0,MEDIUM,8,0.3943452380952394,111.6007261904762,112.14712499999999,False
season2023,Spa-Francorchamps,SAR,Williams,4.0,SOFT,8,0.28455952380952726,111.89754761904763,111.290125,False
season2023,Spa-Francorchamps,STR,Aston Martin,1.0,MEDIUM,16,0.13302205882353177,113.93918382352942,114.8364375,False
season2023,Spa-Francorchamps,STR,Aston Martin,2.0,SOFT,22,0.07335064935064785,113.26220779220783,112.39159090909092,False
season2023,Spa-Francorchamps,TSU,AlphaTauri,2.0,MEDIUM,13,0.4026428571428603,112.231010989011,114.51715384615385,False
season2023,Spa-Francorchamps,TSU,AlphaTauri,3.0,SOFT,18,0.10098142414860496,113.10852837977298,112.27133333333333,False
season2023,Spa-Francorchamps,VER,Red Bull Racing,1.0,SOFT,10,0.08096363636364005,112.28250909090899,112.50319999999999,False
season2023,Spa-Francorchamps,VER,Red Bull Racing,2.0,MEDIUM,14,0.01798681318681118,113.31539780219778,112.23078571428572,False
season2023,Spa-Francorchamps,VER,Red Bull Racing,3.0,SOFT,13,0.0709945054945102,111.7165824175824,110.19453846153844,False
season2023,Spa-Francorchamps,ZHO,Alfa Romeo,2.0,MEDIUM,16,0.2995970588235333,112.7437029411764,114.682375,False
season2023,Spa-Francorchamps,ZHO,Alfa Romeo,3.0,SOFT,17,0.12332352941176007,112.93564705882358,112.24388235294117,False
season2023,Spielberg,ALB,Williams,2.0,MEDIUM,9,0.010933333333333902,71.98119999999997,71.62866666666667,False
season2023,Spielberg,ALB,Williams,3.0,HARD,25,0.03281923076923035,72.25097076923078,71.17044000000001,False
season2023,Spielberg,ALB,Williams,4.0,HARD,29,0.07821182266009738,71.90171428571426,70.01810344827585,False
season2023,Spielberg,ALO,Aston Martin,2.0,HARD,9,-0.02295000000000008,71.75648888888887,71.13288888888889,False
season2023,Spielberg,ALO,Aston Martin,3.0,MEDIUM,27,0.07532905982906014,70.99965669515669,70.47959259259258,False
season2023,Spielberg,ALO,Aston Martin,4.0,MEDIUM,26,0.059013675213674927,71.83057094017097,69.46876923076924,False
season2023,Spielberg,BOT,Alfa Romeo,2.0,HARD,13,0.07175321977565348,72.05223307021186,72.24038461538461,False
season2023,Spielberg,BOT,Alfa Romeo,3.0,MEDIUM,17,0.13966666666666402,70.98003921568629,70.67170588235294,False
season2023,Spielberg,BOT,Alfa Romeo,4.0,HARD,29,0.08397241379310298,72.44861379310345,70.7121724137931,False
season2023,Spielberg,DEV,AlphaTauri,2.0,MEDIUM,8,-0.10528571428571111,73.32939285714282,72.12725,False
season2023,Spielberg,DEV,AlphaTauri,3.0,HARD,21,0.08802337662337785,71.61762510822508,71.41995238095238,False
season2023,Spielberg,DEV,AlphaTauri,4.0,MEDIUM,32,0.09149211876832754,71.99873167155428,70.60234374999999,False
season2023,Spielberg,GAS,Alpine,2.0,MEDIUM,9,-0.05774999999999797,72.30377777777774,71.40177777777778,False
season2023,Spielberg,GAS,Alpine,3.0,HARD,27,0.09678571428571377,70.98050264550263,70.87907407407407,False
season2023,Spielberg,GAS,Alpine,4.0,MEDIUM,26,0.10863931623931711,71.34426837606838,69.70203846153846,False
season2023,Spielberg,HAM,Mercedes,2.0,MEDIUM,9,0.06713333333333493,70.67371111111106,70.77077777777777,False
season2023,Spielberg,HAM,Mercedes,3.0,HARD,25,0.08486307692307707,70.9502138461538,70.62816,False
season2023,Spielberg,HAM,Mercedes,4.0,MEDIUM,28,0.07502681992337192,71.7465842911877,69.747,False
season2023,Spielberg,LEC,Ferrari,2.0,MEDIUM,9,0.07368333333333218,70.26653333333333,70.41600000000001,False
season2023,Spielberg,LEC,Ferrari,3.0,MEDIUM,30,0.10429610678531588,70.20054757137565,70.18893333333332,False
season2023,Spielberg,LEC,Ferrari,4.0,HARD,23,0.06872233201580791,71.57408794466406,69.16747826086956,False
season2023,Spielberg,MAG,Haas F1 Team,3.0,HARD,27,0.058366850321397545,72.34139317416586,72.28862962962963,False
season2023,Spielberg,MAG,Haas F1 Team,4.0,HARD,35,0.11318067226890781,71.86027226890756,71.20888571428571,False
season2023,Spielberg,NOR,McLaren,2.0,MEDIUM,9,0.013183333333336298,71.1377555555555,70.80322222222223,False
season2023,Spielberg,NOR,McLaren,3.0,HARD,24,0.08330565217391339,70.87869304347826,70.51912499999999,False
season2023,Spielberg,NOR,McLaren,4.0,HARD,29,0.09061034482758606,71.27902758620687,69.59379310344829,False
season2023,Spielberg,OCO,Alpine,2.0,MEDIUM,9,-0.040816666666665946,72.46842222222217,71.70188888888889,False
season2023,Spielberg,OCO,Alpine,3.0,HARD,24,0.06040130434782677,71.86495739130434,71.167875,False
season2023,Spielberg,OCO,Alpine,4.0,HARD,29,0.05530788177339865,72.46838423645319,70.27331034482758,False
season2023,Spielberg,PER,Red Bull Racing,2.0,MEDIUM,17,-0.009690234134318751,71.87799383857052,70.97994117647059,False
season2023,Spielberg,PER,Red Bull Racing,3.0,MEDIUM,23,0.04426778656126339,71.04991007905139,69.53539130434783,False
season2023,Spielberg,PER,Red Bull Racing,4.0,HARD,20,0.08802481203007569,71.51316466165412,69.14295,False
season2023,Spielberg,PIA,McLaren,2.0,MEDIUM,9,-0.06604999999999928,72.60528888888886,71.63688888888889,False
season2023,Spielberg,PIA,McLaren,4.0,HARD,17,0.11477696078431199,71.57575980392157,70.96352941176471,False
season2023,Spielberg,PIA,McLaren,5.0,MEDIUM,28,0.09912315270935812,72.26909113300493,70.698,False
season2023,Spielberg,RUS,Mercedes,2.0,MEDIUM,9,-0.007066666666668911,72.14486666666669,71.64833333333334,False
season2023,Spielberg,RUS,Mercedes,3.0,HARD,25,0.04708384615384713,71.74910615384616,70.86828,False
season2023,Spielberg,RUS,Mercedes,4.0,MEDIUM,29,0.06887241379310255,71.74828275862068,69.71524137931034,False
season2023,Spielberg,SAI,Ferrari,2.0,MEDIUM,9,0.07370000000000212,70.28939999999994,70.43900000000001,False
season2023,Spielberg,SAI,Ferrari,3.0,MEDIUM,28,0.09314532019704373,70.34356896551722,70.10982142857144,False
season2023,Spielberg,SAI,Ferrari,4.0,HARD,25,0.08296384615384667,71.54050615384615,69.457,False
season2023,Spielberg,SAR,Williams,2.0,MEDIUM,9,-0.028516666666663262,72.55435555555552,71.88622222222222,False
season2023,Spielberg,SAR,Williams,3.0,HARD,27,0.05978388278388305,72.03635286935287,71.3381111111111,False
season2023,Spielberg,SAR,Williams,4.0,HARD,26,0.07204854700854658,72.38768068376072,70.26988461538461,False
season2023,Spielberg,STR,Aston Martin,2.0,MEDIUM,9,-0.052166666666667104,72.09688888888888,71.23955555555555,False
season2023,Spielberg,STR,Aston Martin,3.0,HARD,19,0.03513157894736737,72.14913157894736,71.10557894736843,False
season2023,Spielberg,STR,Aston Martin,4.0,HARD,16,0.06511764705882575,71.64225735294113,69.758375,False
season2023,Spielberg,STR,Aston Martin,5.0,MEDIUM,16,0.09141323529411874,71.54301176470585,68.9189375,False
season2023,Spielberg,TSU,AlphaTauri,3.0,HARD,15,0.11042738439306335,71.60564234104048,72.1936,False
season2023,Spielberg,TSU,AlphaTauri,4.0,HARD,18,0.14169556243549808,71.21658548331612,70.86188888888888,False
season2023,Spielberg,TSU,AlphaTauri,5.0,MEDIUM,26,0.09620307692307706,72.5003630769231,70.7328076923077,False
season2023,Spielberg,VER,Red Bull Racing,2.0,MEDIUM,16,0.06969618320610566,69.8452755725191,70.03999999999999,False
season2023,Spielberg,VER,Red Bull Racing,3.0,HARD,23,0.06874308300394993,70.610557312253,69.46921739130437,False
season2023,Spielberg,VER,Red Bull Racing,4.0,MEDIUM,18,0.10024871001031796,70.75111076711386,68.53122222222221,False
season2023,Spielberg,ZHO,Alfa Romeo,3.0,HARD,25,0.10052310482599096,71.0418555356955,71.35936,False
season2023,Spielberg,ZHO,Alfa Romeo,4.0,HARD,31,0.08587056451613014,72.07800685483868,70.5128064516129,False
season2023,Suzuka,ALB,Williams,3.0,SOFT,11,0.12660909090908906,100.1971,99.98336363636363,False
season2023,Suzuka,ALO,Aston Martin,2.0,HARD,10,0.3335939393939438,97.99695151515147,99.76,False
season2023,Suzuka,ALO,Aston Martin,3.0,HARD,27,0.12591025641025577,98.55793874643875,98.24659259259259,False
season2023,Suzuka,GAS,Alpine,1.0,MEDIUM,10,0.07381630170316168,100.08671046228709,100.2824,False
season2023,Suzuka,GAS,Alpine,2.0,HARD,14,0.09358241758241886,99.38026373626369,98.71821428571427,False
season2023,Suzuka,GAS,Alpine,3.0,HARD,18,0.2570495356037145,97.6698132094943,97.92133333333332,False
season2023,Suzuka,HAM,Mercedes,1.0,MEDIUM,9,0.038957364341085134,99.6172868217054,99.46755555555556,False
season2023,Suzuka,HAM,Mercedes,2.0,HARD,16,0.08144558823529616,99.03357941176465,98.4048125,False
season2023,Suzuka,HAM,Mercedes,3.0,HARD,18,0.15538286893704706,98.14392432060542,97.32794444444446,False
season2023,Suzuka,HUL,Haas F1 Team,2.0,MEDIUM,8,0.2196147540983644,99.19786065573761,100.033625,False
season2023,Suzuka,HUL,Haas F1 Team,3.0,HARD,14,0.09705054945054856,99.560356043956,98.76278571428573,False
season2023,Suzuka,HUL,Haas F1 Team,4.0,MEDIUM,14,0.05945494505494707,99.77720439560433,97.78007142857143,False
season2023,Suzuka,LAW,AlphaTauri,2.0,MEDIUM,10,0.2015212121212195,99.65864848484841,100.5006,False
season2023,Suzuka,LAW,AlphaTauri,3.0,HARD,26,0.05707042735042553,100.02705572649576,98.68207692307692,False
season2023,Suzuka,LEC,Ferrari,1.0,MEDIUM,10,0.12416666666666533,98.5448333333333,99.2365,False
season2023,Suzuka,LEC,Ferrari,2.0,MEDIUM,15,0.10413214285714113,98.91941071428575,98.42659999999998,False
season2023,Suzuka,LEC,Ferrari,3.0,HARD,18,0.12777502579979164,98.42902889576882,97.32316666666665,False
season2023,Suzuka,MAG,Haas F1 Team,2.0,HARD,16,0.17744705882353168,99.06043088235293,99.686125,False
season2023,Suzuka,MAG,Haas F1 Team,3.0,HARD,20,0.13219473684210592,99.50151052631578,98.68425,False
season2023,Suzuka,NOR,McLaren,1.0,MEDIUM,10,0.17979365079364942,97.43866349206347,98.6866,False
season2023,Suzuka,NOR,McLaren,2.0,HARD,17,0.08829901960784144,98.49642156862745,97.89441176470588,False
season2023,Suzuka,NOR,McLaren,3.0,HARD,16,0.14999705882353304,97.41065294117638,96.333125,False
season2023,Suzuka,OCO,Alpine,2.0,HARD,20,0.07516446192348859,100.1784590632821,100.435,False
season2023,Suzuka,OCO,Alpine,3.0,HARD,24,0.09782173913043397,99.09782318840581,98.13591666666666,False
season2023,Suzuka,PIA,McLaren,2.0,HARD,20,0.05714962406015198,99.32512932330825,98.63485,False
season2023,Suzuka,PIA,McLaren,3.0,HARD,17,0.08848284313725398,98.63440686274507,97.04423529411764,False
season2023,Suzuka,RUS,Mercedes,1.0,MEDIUM,17,0.04981773757538038,99.66563194011226,99.59247058823529,False
season2023,Suzuka,RUS,Mercedes,2.0,HARD,28,0.11251149425287152,98.86396469622336,98.43539285714284,False
season2023,Suzuka,SAI,Ferrari,1.0,MEDIUM,11,0.09891044776119662,98.8741343283582,99.34118181818184,False
season2023,Suzuka,SAI,Ferrari,2.0,MEDIUM,18,0.09619504643962662,99.02411867905059,98.46666666666665,False
season2023,Suzuka,SAI,Ferrari,3.0,HARD,14,0.17955384615384593,98.21386373626368,97.18257142857142,False
season2023,Suzuka,SAR,Williams,3.0,MEDIUM,11,0.14352226720647815,99.95030769230769,100.43981818181818,False
season2023,Suzuka,TSU,AlphaTauri,2.0,MEDIUM,16,0.1479285146942027,99.74150516282762,100.39068749999998,False
season2023,Suzuka,TSU,AlphaTauri,3.0,HARD,21,0.11994545454545248,99.23217835497837,98.36152380952379,False
season2023,Suzuka,VER,Red Bull Racing,1.0,MEDIUM,9,0.18662403100775068,96.87028682170542,98.09877777777778,False
season2023,Suzuka,VER,Red Bull Racing,2.0,MEDIUM,19,0.0666105263157881,98.4320210526316,97.67973684210526,False
season2023,Suzuka,VER,Red Bull Racing,3.0,HARD,15,0.19115357142857098,96.81501785714288,96.0054,False
season2023,Suzuka,ZHO,Alfa Romeo,3.0,SOFT,14,0.11216703296703187,100.06050769230771,100.16792857142856,False
season2023,Suzuka,ZHO,Alfa Romeo,4.0,HARD,22,0.05865838509316816,99.91586109542631,98.36659090909092,False
season2023,São Paulo,ALO,Aston Martin,3.0,SOFT,21,-0.5136688311688322,87.1630324675325,78.68799999999999,False
season2023,São Paulo,ALO,Aston Martin,4.0,MEDIUM,20,0.04106090225563718,77.5146496240602,75.97935,False
season2023,São Paulo,ALO,Aston Martin,5.0,SOFT,23,0.05050592885375426,77.59537944664032,74.95195652173913,False
season2023,São Paulo,BOT,Alfa Romeo,3.0,SOFT,14,-0.05297802197802094,78.57609890109885,77.54828571428571,False
season2023,São Paulo,BOT,Alfa Romeo,4.0,MEDIUM,19,0.13358421052631583,77.03157368421051,76.90599999999999,False
season2023,São Paulo,GAS,Alpine,3.0,SOFT,22,0.05169395821569873,77.33919819311124,77.34295454545455,False
season2023,São Paulo,GAS,Alpine,4.0,MEDIUM,18,0.12428173374612737,76.78198624011009,76.07944444444443,False
season2023,São Paulo,GAS,Alpine,5.0,SOFT,24,0.07545695652173878,77.26920608695654,75.015375,False
season2023,São Paulo,HAM,Mercedes,4.0,MEDIUM,26,0.06124649572649492,77.43992581196584,76.5405,False
season2023,São Paulo,HAM,Mercedes,5.0,SOFT,24,0.04917999999999874,77.85728,75.39625,False
season2023,São Paulo,HUL,Haas F1 Team,3.0,SOFT,17,0.0756764705882324,77.74744117647063,78.07123529411764,False
season2023,São Paulo,HUL,Haas F1 Team,4.0,SOFT,23,0.07277766798418808,77.63003557312256,76.92447826086958,False
season2023,São Paulo,HUL,Haas F1 Team,5.0,SOFT,23,-0.019912055335967464,79.3359841897233,75.77239130434783,False
season2023,São Paulo,NOR,McLaren,3.0,SOFT,23,-0.5217618577075114,86.21512154150196,78.60721739130433,False
season2023,São Paulo,NOR,McLaren,4.0,MEDIUM,30,0.06763826473859906,76.72323529847979,75.44676666666666,False
season2023,São Paulo,NOR,McLaren,5.0,SOFT,11,0.12632727272727123,75.88336363636365,73.51663636363637,False
season2023,São Paulo,OCO,Alpine,3.0,SOFT,10,-0.14007272727272263,79.41029090909082,77.61210000000001,False
season2023,São Paulo,OCO,Alpine,4.0,MEDIUM,15,0.10651428571428553,77.21950476190477,76.91313333333332,False
season2023,São Paulo,OCO,Alpine,5.0,SOFT,18,0.14189783281734103,76.42199036807702,76.05511111111112,False
season2023,São Paulo,OCO,Alpine,6.0,SOFT,18,0.13272342621258978,77.20768180254558,75.21877777777777,False
season2023,São Paulo,PER,Red Bull Racing,3.0,SOFT,16,-0.7713676470588215,89.53497058823523,79.26037500000001,False
season2023,São Paulo,PER,Red Bull Racing,4.0,MEDIUM,24,0.07173826086956596,76.8401168115942,75.96608333333333,False
season2023,São Paulo,PER,Red Bull Racing,5.0,SOFT,24,0.06354695652173795,77.05197521739133,74.828,False
season2023,São Paulo,PIA,McLaren,3.0,MEDIUM,20,0.07376390977443444,77.12235112781956,77.3019,False
season2023,São Paulo,PIA,McLaren,4.0,SOFT,26,0.07368444444444386,77.04340683760682,76.21538461538462,False
season2023,São Paulo,PIA,McLaren,5.0,SOFT,16,0.007472058823529403,78.35421764705883,75.0800625,False
season2023,São Paulo,RIC,AlphaTauri,3.0,SOFT,22,0.07865894974590648,76.5514455110107,77.05181818181818,False
season2023,São Paulo,RIC,AlphaTauri,4.0,MEDIUM,27,0.06829975579975608,77.292874033374,76.06237037037037,False
season2023,São Paulo,RIC,AlphaTauri,5.0,SOFT,14,0.043235164835165464,77.95864395604391,74.83364285714285,False
season2023,São Paulo,RUS,Mercedes,3.0,SOFT,15,-0.850457142857143,90.39788571428572,79.58739999999999,False
season2023,São Paulo,RUS,Mercedes,4.0,MEDIUM,24,0.08217217391304407,77.37584231884058,76.69766666666668,False
season2023,São Paulo,RUS,Mercedes,5.0,SOFT,10,-0.1396545454545451,79.94081818181814,75.7816,False
season2023,São Paulo,SAI,Ferrari,3.0,SOFT,22,-0.3375607001693983,85.02556973461323,78.65831818181817,False
season2023,São Paulo,SAI,Ferrari,4.0,MEDIUM,23,0.09220059288537344,76.93174011857708,75.98534782608697,False
season2023,São Paulo,SAI,Ferrari,5.0,SOFT,19,0.05763684210526274,77.4374,74.83431578947369,False
season2023,São Paulo,SAR,Williams,3.0,SOFT,13,-0.06705494505494262,78.84613186813185,77.7596923076923,False
season2023,São Paulo,SAR,Williams,4.0,SOFT,25,0.10086461538461539,77.19009538461539,76.8972,False
season2023,São Paulo,SAR,Williams,5.0,SOFT,25,0.06603999999999889,78.41392,76.14848,False
season2023,São Paulo,STR,Aston Martin,3.0,SOFT,18,-0.7080319917440644,89.83670966632265,79.59077777777779,False
season2023,São Paulo,STR,Aston Martin,4.0,MEDIUM,28,0.0747422003284068,76.93292446633824,76.02892857142857,False
season2023,São Paulo,STR,Aston Martin,5.0,SOFT,18,0.037861713106293014,77.39639525283799,74.43216666666667,False
season2023,São Paulo,TSU,AlphaTauri,3.0,SOFT,22,0.006319028797289516,78.19123941276118,77.47272727272725,False
season2023,São Paulo,TSU,AlphaTauri,4.0,MEDIUM,27,0.07681013431013328,77.16184798534798,76.059,False
season2023,São Paulo,TSU,AlphaTauri,5.0,SOFT,15,0.05582500000000143,77.7576333333333,74.90753333333333,False
season2023,São Paulo,VER,Red Bull Racing,3.0,SOFT,23,-0.5370009881422939,87.97840711462449,78.56139130434782,False
season2023,São Paulo,VER,Red Bull Racing,4.0,MEDIUM,27,0.05648595848595801,76.78400691900693,75.3212962962963,False
season2023,São Paulo,VER,Red Bull Racing,5.0,SOFT,14,0.002534065934064824,77.54253186813183,74.01657142857142,False
season2023,São Paulo,ZHO,Alfa Romeo,3.0,SOFT,11,-0.14576363636363757,79.19889090909088,77.68354545454547,False
season2023,Yas Island,ALB,Williams,1.0,MEDIUM,14,0.01923296703296695,92.10450109890114,91.81971428571428,False
season2023,Yas Island,ALB,Williams,2.0,HARD,25,0.04422692307692218,91.45450307692309,90.42368,False
season2023,Yas Island,ALB,Williams,3.0,HARD,14,0.07452527472527597,90.86846373626366,88.66942857142858,False
season2023,Yas Island,ALO,Aston Martin,1.0,MEDIUM,10,0.06345454545454914,90.96314545454543,91.01809999999999,False
season2023,Yas Island,ALO,Aston Martin,2.0,HARD,22,0.039102766798418155,91.05597628458501,90.23636363636363,False
season2023,Yas Island,ALO,Aston Martin,3.0,HARD,21,0.05978701298701356,90.67234025974024,88.80957142857143,False
season2023,Yas Island,BOT,Alfa Romeo,1.0,HARD,27,0.09838461538461538,91.30563817663817,91.9564074074074,False
season2023,Yas Island,BOT,Alfa Romeo,2.0,MEDIUM,27,0.0721886446886446,91.88279995929993,90.54562962962964,False
season2023,Yas Island,GAS,Alpine,1.0,MEDIUM,15,0.13857857142856866,90.60679285714288,91.35899999999998,False
season2023,Yas Island,GAS,Alpine,2.0,HARD,13,0.06094505494505896,91.36005494505493,90.47261538461538,False
season2023,Yas Island,GAS,Alpine,3.0,HARD,25,0.04765999999999998,91.4564,89.59364,False
season2023,Yas Island,HAM,Mercedes,1.0,MEDIUM,13,0.08600000000000332,90.99453846153843,91.24253846153846,False
season2023,Yas Island,HAM,Mercedes,2.0,HARD,18,0.03273477812177527,91.00317371861023,89.9443888888889,False
season2023,Yas Island,HAM,Mercedes,3.0,HARD,22,0.050363071710897975,91.07741614906837,89.09445454545454,False
season2023,Yas Island,HUL,Haas F1 Team,1.0,MEDIUM,11,0.04405454545454808,91.69143636363633,91.61481818181818,False
season2023,Yas Island,HUL,Haas F1 Team,2.0,HARD,18,0.1024901960784326,91.13468627450978,90.91833333333335,False
season2023,Yas Island,HUL,Haas F1 Team,3.0,HARD,24,0.04524304347826171,91.76426057971014,89.81754166666667,False
season2023,Yas Island,LEC,Ferrari,1.0,MEDIUM,15,0.04896785714285581,90.68508928571428,90.6308,False
season2023,Yas Island,LEC,Ferrari,2.0,HARD,16,0.03126470588235471,90.8138602941176,89.653375,False
season2023,Yas Island,LEC,Ferrari,3.0,HARD,22,0.0914522868435923,90.12884641445513,88.6595,False
season2023,Yas Island,MAG,Haas F1 Team,2.0,HARD,15,0.19382857142857057,90.29967619047618,91.27413333333334,False
season2023,Yas Island,MAG,Haas F1 Team,3.0,HARD,34,0.05323529411764684,91.82611764705882,90.5834705882353,False
season2023,Yas Island,NOR,McLaren,1.0,MEDIUM,12,0.08954545454545275,90.52440909090912,90.78349999999999,False
season2023,Yas Island,NOR,McLaren,2.0,HARD,17,0.03163235294117479,90.78820588235295,89.78452941176471,False
season2023,Yas Island,NOR,McLaren,3.0,HARD,24,0.021617391304348428,91.10416521739128,88.8385,False
season2023,Yas Island,OCO,Alpine,1.0,MEDIUM,13,0.09575824175824607,90.91516483516479,91.24123076923078,False
season2023,Yas Island,OCO,Alpine,2.0,HARD,42,0.05414463981849146,91.32953131836966,90.48528571428572,False
season2023,Yas Island,PER,Red Bull Racing,1.0,MEDIUM,15,0.08675357142857029,90.7941511904762,91.07993333333334,False
season2023,Yas Island,PER,Red Bull Racing,2.0,HARD,23,0.03234189723319907,90.55151185770751,89.32195652173914,False
season2023,Yas Island,PER,Red Bull Racing,3.0,HARD,15,0.07005357142856972,90.13478452380953,87.96026666666667,False
season2023,Yas Island,PIA,McLaren,1.0,MEDIUM,11,0.12430909090908972,90.64138181818178,91.12654545454546,False
season2023,Yas Island,PIA,McLaren,2.0,HARD,21,0.03494415584415711,91.10681298701296,90.15114285714286,False
season2023,Yas Island,PIA,McLaren,3.0,HARD,21,0.06154155844155719,90.59126320346319,88.68976190476191,False
season2023,Yas Island,RIC,AlphaTauri,2.0,HARD,22,0.10236984754376002,90.41305872388484,90.62018181818183,False
season2023,Yas Island,RIC,AlphaTauri,3.0,HARD,26,-0.004740854700856338,91.85793470085473,89.28669230769232,False
season2023,Yas Island,RUS,Mercedes,1.0,MEDIUM,12,0.04521678321677831,90.97287412587416,90.8995,False
season2023,Yas Island,RUS,Mercedes,2.0,HARD,18,0.033532507739937566,90.70740866873062,89.712,False
season2023,Yas Island,RUS,Mercedes,3.0,HARD,23,0.05664624505928472,90.55672924901187,88.7081304347826,False
season2023,Yas Island,SAI,Ferrari,1.0,HARD,21,0.07155454545454422,91.17534545454548,91.374,False
season2023,Yas Island,SAI,Ferrari,2.0,HARD,31,0.058450000000001404,91.11764032258058,89.91129032258064,False
season2023,Yas Island,SAR,Williams,1.0,MEDIUM,13,0.02225274725274867,92.10487912087908,91.86515384615385,False
season2023,Yas Island,SAR,Williams,2.0,HARD,24,0.09848347826087077,91.07222304347827,90.83425,False
season2023,Yas Island,SAR,Williams,3.0,HARD,16,0.0821191176470598,91.03743088235294,89.0400625,False
season2023,Yas Island,STR,Aston Martin,1.0,HARD,20,0.04574210526315804,91.2301736842105,91.16945000000001,False
season2023,Yas Island,STR,Aston Martin,2.0,HARD,18,0.08627863777090453,90.82012899896795,90.02483333333333,False
season2023,Yas Island,STR,Aston Martin,3.0,MEDIUM,15,0.17088214285714332,90.1959273809524,88.92886666666668,False
season2023,Yas Island,TSU,AlphaTauri,1.0,MEDIUM,20,0.07197518796992561,90.88993533834585,91.08514999999998,False
season2023,Yas Island,TSU,AlphaTauri,2.0,HARD,35,0.05063697478991474,91.16726890756303,89.87437142857144,False
season2023,Yas Island,VER,Red Bull Racing,1.0,MEDIUM,14,0.04707252747252672,90.6127406593406,90.54535714285714,False
season2023,Yas Island,VER,Red Bull Racing,2.0,HARD,25,0.026528461538461477,90.50452153846156,89.22591999999999,False
season2023,Yas Island,VER,Red Bull Racing,3.0,HARD,14,0.08938241758241817,89.91874945054941,87.846,False
season2023,Yas Island,ZHO,Alfa Romeo,1.0,MEDIUM,11,0.0665181818181831,91.6202818181818,91.7009090909091,False
season2023,Yas Island,ZHO,Alfa Romeo,2.0,HARD,22,0.04938396386222253,91.65874590626768,90.87354545454546,False
season2023,Yas Island,ZHO,Alfa Romeo,3.0,MEDIUM,20,0.14056015037594136,90.70230827067667,89.65124999999999,False
season2024,Austin,ALB,Williams,2.0,MEDIUM,26,0.017379545060766187,102.90848820573748,102.12853846153847,False
season2024,Austin,ALB,Williams,3.0,HARD,20,0.05949848739495875,101.56734352941173,99.80745,False
season2024,Austin,ALO,Aston Martin,1.0,MEDIUM,19,0.019034663341646066,102.50218952618451,101.93431578947369,False
season2024,Austin,ALO,Aston Martin,2.0,HARD,27,0.027609606260899203,101.88974502250514,100.06229629629628,False
season2024,Austin,BOT,Kick Sauber,1.0,MEDIUM,8,0.0013999999999981954,102.82862499999997,102.292625,False
season2024,Austin,BOT,Kick Sauber,2.0,HARD,38,0.0779902647995933,101.63283473720848,101.28760526315789,False
season2024,Austin,COL,Williams,1.0,HARD,32,-0.02089014418850016,102.88301072621768,101.18496875,False
season2024,Austin,COL,Williams,2.0,MEDIUM,15,0.022310714285714264,100.72435952380957,98.25246666666666,False
season2024,Austin,GAS,Alpine,1.0,MEDIUM,11,0.07306921086675096,101.1763764553687,101.38663636363638,False
season2024,Austin,GAS,Alpine,2.0,HARD,36,-0.01975327195327035,102.65989155529155,100.18105555555556,False
season2024,Austin,HUL,Haas F1 Team,1.0,MEDIUM,20,-0.02975361922972023,102.57158399344446,101.1901,False
season2024,Austin,HUL,Haas F1 Team,2.0,HARD,27,0.0036195347704294114,101.45339982949703,99.16914814814815,False
season2024,Austin,LAW,RB,1.0,HARD,29,-0.010409730079197627,102.52051333441084,101.15593103448276,False
season2024,Austin,LAW,RB,2.0,MEDIUM,18,0.01641854636591548,101.10881203007519,98.69155555555557,False
season2024,Austin,LEC,Ferrari,1.0,MEDIUM,20,0.059066601130499066,99.48689432292946,99.54830000000001,False
season2024,Austin,LEC,Ferrari,2.0,HARD,28,0.034567495731460104,100.26747122916339,98.50982142857143,False
season2024,Austin,MAG,Haas F1 Team,1.0,MEDIUM,10,0.05510560146923833,101.4433278236914,101.44449999999999,False
season2024,Austin,MAG,Haas F1 Team,2.0,HARD,19,-0.006554385964913192,102.05099298245614,100.43889473684212,False
season2024,Austin,MAG,Haas F1 Team,3.0,MEDIUM,16,0.011845127304653135,101.25449148375768,98.71406250000001,False
season2024,Austin,NOR,McLaren,1.0,MEDIUM,25,-0.0014216081211743596,100.99433403158238,99.99680000000001,False
season2024,Austin,NOR,McLaren,2.0,HARD,23,0.06620133047866363,99.89612096650872,98.34404347826087,False
season2024,Austin,OCO,Alpine,1.0,MEDIUM,24,0.003953783783783189,102.78297229729729,101.847125,False
season2024,Austin,OCO,Alpine,2.0,HARD,16,0.04617773741567498,101.87154903995845,100.0728125,False
season2024,Austin,PER,Red Bull Racing,1.0,MEDIUM,19,-0.0253815461346633,102.39912967581043,101.12994736842106,False
season2024,Austin,PER,Red Bull Racing,2.0,HARD,28,0.029715864885323705,101.08905630951752,99.25360714285715,False
season2024,Austin,PIA,McLaren,1.0,MEDIUM,25,-0.006438790220273693,101.32982680774998,100.17232000000001,False
season2024,Austin,PIA,McLaren,2.0,HARD,22,0.057964285714283505,100.04660714285718,98.32568181818182,False
season2024,Austin,RUS,Mercedes,1.0,HARD,33,-0.04474008570315525,102.79223529411762,100.51030303030302,False
season2024,Austin,RUS,Mercedes,2.0,MEDIUM,15,0.11776071428571429,99.8040869047619,98.16893333333333,False
season2024,Austin,SAI,Ferrari,1.0,MEDIUM,15,0.04474965612104491,100.20698762035762,100.07919999999999,False
season2024,Austin,SAI,Ferrari,2.0,HARD,33,0.04248117980651501,100.06915034841919,98.68312121212122,False
season2024,Austin,STR,Aston Martin,1.0,HARD,20,-0.016866020213056946,103.52783214968584,102.33955,False
season2024,Austin,STR,Aston Martin,2.0,MEDIUM,25,0.04755661995295845,101.77566390631127,100.17811999999999,False
season2024,Austin,TSU,RB,1.0,MEDIUM,11,0.08463389391979317,101.31789650711512,101.6627272727273,False
season2024,Austin,TSU,RB,2.0,HARD,35,-0.0005926557173839811,102.32621180663158,100.25771428571429,False
season2024,Austin,VER,Red Bull Racing,1.0,MEDIUM,19,0.06662027847726586,99.8694306769367,100.03884210526314,False
season2024,Austin,VER,Red Bull Racing,2.0,HARD,29,0.05657198097284004,100.17379383151754,98.82475862068966,False
season2024,Austin,ZHO,Kick Sauber,2.0,MEDIUM,20,0.04594586466165578,102.42112255639094,101.602,False
season2024,Austin,ZHO,Kick Sauber,3.0,HARD,18,-0.0030075187969911773,102.61275187969923,100.03033333333332,False
season2024,Baku,ALB,Williams,1.0,HARD,29,0.027065517241380344,109.89398620689649,109.44703448275862,False
season2024,Baku,ALB,Williams,2.0,MEDIUM,15,-0.04517211055275983,110.48275335008367,107.79606666666668,False
season2024,Baku,ALO,Aston Martin,1.0,MEDIUM,9,-0.08924999999999503,110.6836388888889,109.72888888888889,False
season2024,Baku,ALO,Aston Martin,2.0,HARD,35,-0.007867021039987432,110.47683768515633,108.64794285714284,False
season2024,Baku,BEA,Haas F1 Team,1.0,MEDIUM,12,0.013283216783216078,110.79929254079255,110.48641666666667,False
season2024,Baku,BEA,Haas F1 Team,2.0,HARD,32,0.020640900688958845,109.89829390018488,108.514125,False
season2024,Baku,BOT,Kick Sauber,1.0,MEDIUM,9,-0.15553333333332509,113.61639999999996,112.19766666666666,False
season2024,Baku,BOT,Kick Sauber,2.0,HARD,35,0.049153734676071474,110.24732534788458,109.57822857142858,False
season2024,Baku,COL,Williams,1.0,MEDIUM,8,-0.11551190476190232,110.78619047619048,109.848375,False
season2024,Baku,COL,Williams,2.0,HARD,36,0.00948465279438603,110.28760994180033,108.8348888888889,False
season2024,Baku,GAS,Alpine,1.0,HARD,46,-0.0035711349302892373,111.0782722322956,109.62799999999997,False
season2024,Baku,HAM,Mercedes,1.0,MEDIUM,10,-0.1431212121212148,111.6661878787879,110.37839999999998,False
season2024,Baku,HAM,Mercedes,2.0,HARD,34,0.020609609559768777,109.73983059624082,108.4314705882353,False
season2024,Baku,HUL,Haas F1 Team,1.0,MEDIUM,13,-0.032587912087905464,110.64739560439557,109.9466923076923,False
season2024,Baku,HUL,Haas F1 Team,2.0,HARD,31,0.04335312915795484,109.47353752851166,108.44603225806452,False
season2024,Baku,LEC,Ferrari,1.0,MEDIUM,14,0.07909670329669886,108.21432087912088,108.41914285714286,False
season2024,Baku,LEC,Ferrari,2.0,HARD,31,0.054147188507492346,108.73946832922434,107.84461290322581,False
season2024,Baku,NOR,McLaren,1.0,HARD,34,0.00767593582887462,109.97767165775403,109.10217647058823,False
season2024,Baku,NOR,McLaren,2.0,MEDIUM,11,0.07825454545454531,107.64085454545454,105.76863636363636,False
season2024,Baku,OCO,Alpine,1.0,HARD,46,-0.009084468824674693,111.94543188454583,110.33139130434782,False
season2024,Baku,PER,Red Bull Racing,1.0,MEDIUM,11,0.02612727272727198,108.86156363636363,108.65945454545454,False
season2024,Baku,PER,Red Bull Racing,2.0,HARD,34,0.0452220658831306,108.70083628538326,107.80120588235295,False
season2024,Baku,PIA,McLaren,1.0,MEDIUM,13,0.09648901098901469,108.35901098901097,108.69092307692307,False
season2024,Baku,PIA,McLaren,2.0,HARD,32,0.04246050687816577,108.76494154871287,107.71540625,False
season2024,Baku,RIC,RB,1.0,HARD,46,-0.004572981299139005,111.41436919216257,109.93471739130433,False
season2024,Baku,RUS,Mercedes,1.0,MEDIUM,10,0.08758787878787558,109.23447878787881,109.4463,False
season2024,Baku,RUS,Mercedes,2.0,HARD,35,-0.01296816911405995,109.85138339026666,107.87474285714286,False
season2024,Baku,SAI,Ferrari,1.0,MEDIUM,15,0.05104285714285695,108.91614761904765,108.88053333333333,False
season2024,Baku,SAI,Ferrari,2.0,HARD,30,0.030614734234477067,108.91409050029621,107.5661666666667,False
season2024,Baku,STR,Aston Martin,2.0,HARD,19,0.08279473684210233,109.84293684210532,110.17647368421053,False
season2024,Baku,STR,Aston Martin,3.0,HARD,19,0.07278225251273478,109.77863844141541,108.852,False
season2024,Baku,TSU,RB,1.0,MEDIUM,10,-0.13078787878788165,113.32430909090911,111.98589999999999,False
season2024,Baku,VER,Red Bull Racing,1.0,MEDIUM,10,0.023115151515154933,109.3463515151515,109.13910000000001,False
season2024,Baku,VER,Red Bull Racing,2.0,HARD,34,0.01522586614663337,109.54144764117669,108.1315882352941,False
season2024,Baku,ZHO,Kick Sauber,1.0,HARD,32,-0.03592613636363604,112.35803977272721,110.73090625,False
season2024,Baku,ZHO,Kick Sauber,2.0,MEDIUM,13,0.0623406593406619,109.87024175824172,108.12130769230771,False
season2024,Barcelona,ALB,Williams,1.0,MEDIUM,16,0.09249558823529577,82.33560441176468,82.6918125,False
season2024,Barcelona,ALB,Williams,2.0,SOFT,23,0.14564229249011656,81.2208675889328,81.40921739130435,False
season2024,Barcelona,ALB,Williams,3.0,SOFT,21,0.05290259740259891,83.27454978354977,80.88438095238094,False
season2024,Barcelona,ALO,Aston Martin,1.0,SOFT,17,0.03291666666666419,82.5475980392157,82.32676470588235,False
season2024,Barcelona,ALO,Aston Martin,2.0,MEDIUM,24,0.05335826086956544,82.09730521739131,81.0835,False
season2024,Barcelona,ALO,Aston Martin,3.0,HARD,19,0.12320526315789265,81.00195789473689,79.40042105263157,False
season2024,Barcelona,BOT,Kick Sauber,1.0,SOFT,9,0.038250000000001616,82.49227777777777,82.39177777777778,False
season2024,Barcelona,BOT,Kick Sauber,2.0,SOFT,15,0.2678428571428574,79.55955238095238,81.67366666666666,False
season2024,Barcelona,BOT,Kick Sauber,3.0,HARD,36,0.06456499356499372,82.66337151437149,81.30988888888888,False
season2024,Barcelona,GAS,Alpine,1.0,SOFT,12,0.1380454545454551,80.30843939393942,81.34541666666667,False
season2024,Barcelona,GAS,Alpine,2.0,MEDIUM,22,0.12219706380575864,80.76549124788258,80.83545454545457,False
season2024,Barcelona,GAS,Alpine,3.0,HARD,27,0.07816178266178363,81.36605474155473,79.62348148148149,False
season2024,Barcelona,HAM,Mercedes,1.0,SOFT,14,0.14913186813186655,79.95491208791209,81.20242857142857,False
season2024,Barcelona,HAM,Mercedes,2.0,MEDIUM,25,0.06510153846153781,80.7915384615385,80.05296,False
season2024,Barcelona,HAM,Mercedes,3.0,SOFT,22,0.10254658385093228,80.1801643139469,78.71713636363637,False
season2024,Barcelona,HUL,Haas F1 Team,1.0,SOFT,10,0.06090909090909065,81.74489090909093,81.7833,False
season2024,Barcelona,HUL,Haas F1 Team,2.0,MEDIUM,24,0.06850739130434698,81.65094188405799,81.17329166666666,False
season2024,Barcelona,HUL,Haas F1 Team,3.0,HARD,27,0.07261172161172193,81.40404639804639,79.57822222222222,False
season2024,Barcelona,LEC,Ferrari,1.0,SOFT,22,0.07545623941275993,80.97411518915871,81.22981818181819,False
season2024,Barcelona,LEC,Ferrari,2.0,MEDIUM,21,0.08778701298701277,80.58888917748918,79.66233333333332,False
season2024,Barcelona,LEC,Ferrari,3.0,SOFT,18,0.12189576883385106,79.98757378740966,78.47066666666666,False
season2024,Barcelona,MAG,Haas F1 Team,1.0,SOFT,8,-0.0149880952380945,82.87605952380956,82.491125,False
season2024,Barcelona,MAG,Haas F1 Team,2.0,MEDIUM,17,0.11800735294117494,81.5961617647059,81.67623529411765,False
season2024,Barcelona,MAG,Haas F1 Team,3.0,HARD,35,0.09023473389355682,81.96765434173672,81.04211428571426,False
season2024,Barcelona,NOR,McLaren,1.0,SOFT,21,0.05925064935064888,80.94118268398269,80.99219047619049,False
season2024,Barcelona,NOR,McLaren,2.0,MEDIUM,22,0.039560135516657,80.98281648785999,79.52481818181819,False
season2024,Barcelona,NOR,McLaren,3.0,SOFT,18,0.1310072239422108,79.45729136566902,78.06338888888888,False
season2024,Barcelona,OCO,Alpine,1.0,SOFT,11,0.11144545454545561,80.8714545454545,81.60090909090908,False
season2024,Barcelona,OCO,Alpine,2.0,MEDIUM,22,0.12590796160361162,81.0469232072276,81.21827272727272,False
season2024,Barcelona,OCO,Alpine,3.0,HARD,28,0.04986453201970281,81.82820689655173,79.71360714285716,False
season2024,Barcelona,PER,Red Bull Racing,1.0,SOFT,11,0.029272727272726434,81.88672727272724,81.79445454545454,False
season2024,Barcelona,PER,Red Bull Racing,2.0,SOFT,16,0.13331617647059013,80.42286029411761,80.8518125,False
season2024,Barcelona,PER,Red Bull Racing,3.0,MEDIUM,16,0.10085000000000163,80.60967499999997,79.34025,False
season2024,Barcelona,PER,Red Bull Racing,4.0,SOFT,16,0.13912352941176412,80.32008088235293,78.84162500000001,False
season2024,Barcelona,PIA,McLaren,1.0,SOFT,19,0.09794035087719263,80.77751929824562,81.54368421052634,False
season2024,Barcelona,PIA,McLaren,2.0,MEDIUM,23,0.05395059288537157,81.13820750988147,79.9695652173913,False
season2024,Barcelona,PIA,McLaren,3.0,SOFT,19,0.07890526315789374,80.46301052631578,78.43268421052633,False
season2024,Barcelona,RIC,RB,1.0,SOFT,14,-0.01860879120878953,83.10396043956038,82.4782857142857,False
season2024,Barcelona,RIC,RB,2.0,MEDIUM,24,0.07432739130434768,81.97728855072465,81.35820833333334,False
season2024,Barcelona,RIC,RB,3.0,HARD,22,-0.04798814229249019,84.17480632411072,80.57745454545453,False
season2024,Barcelona,RUS,Mercedes,1.0,SOFT,13,0.13176923076923194,80.09092307692306,81.10038461538463,False
season2024,Barcelona,RUS,Mercedes,2.0,MEDIUM,19,0.10707894736842259,80.42707894736843,80.17494736842104,False
season2024,Barcelona,RUS,Mercedes,3.0,HARD,29,0.0704906403940883,80.80190837438421,79.06975862068965,False
season2024,Barcelona,SAI,Ferrari,1.0,SOFT,13,0.14930219780220053,80.3202747252747,81.0746923076923,False
season2024,Barcelona,SAI,Ferrari,2.0,MEDIUM,19,0.06247543859648922,81.0959807017544,80.35321052631579,False
season2024,Barcelona,SAI,Ferrari,3.0,HARD,29,0.07120788177339872,80.98522561576351,79.26455172413793,False
season2024,Barcelona,SAR,Williams,1.0,SOFT,12,0.026311188811186454,83.18958275058277,82.97441666666667,False
season2024,Barcelona,SAR,Williams,2.0,MEDIUM,18,0.16526418988647945,81.73455933952528,82.12233333333333,False
season2024,Barcelona,SAR,Williams,3.0,HARD,29,0.1300320197044333,82.29959113300491,81.63010344827586,False
season2024,Barcelona,STR,Aston Martin,1.0,SOFT,15,0.025782142857139954,82.36589404761908,82.10293333333333,False
season2024,Barcelona,STR,Aston Martin,2.0,MEDIUM,18,0.08940866873065378,81.75852253181971,81.27422222222222,False
season2024,Barcelona,STR,Aston Martin,3.0,HARD,27,0.05746275946275924,82.28192918192917,80.34133333333332,False
season2024,Barcelona,TSU,RB,2.0,MEDIUM,16,0.07650000000000372,82.26949999999997,81.97874999999999,False
season2024,Barcelona,TSU,RB,3.0,HARD,15,0.24309285714285836,80.79269761904762,81.00053333333334,False
season2024,Barcelona,TSU,RB,4.0,SOFT,20,0.04391278195488881,82.97670300751876,80.42920000000001,False
season2024,Barcelona,VER,Red Bull Racing,1.0,SOFT,15,0.13490357142857157,79.68662380952381,80.81046666666666,False
season2024,Barcelona,VER,Red Bull Racing,2.0,MEDIUM,25,0.06332384615384748,80.69658615384614,79.87812,False
season2024,Barcelona,VER,Red Bull Racing,3.0,SOFT,21,0.11283116883117099,80.05545454545452,78.32942857142858,False
season2024,Barcelona,ZHO,Kick Sauber,2.0,MEDIUM,30,0.07449521690767426,81.5168289210234,81.3435,False
season2024,Barcelona,ZHO,Kick Sauber,3.0,HARD,23,0.11034288537549376,81.26993379446637,79.73439130434782,False
season2024,Budapest,ALB,Williams,2.0,HARD,21,0.10595844155843959,85.12278441558442,85.40428571428572,False
season2024,Budapest,ALB,Williams,3.0,HARD,38,0.09216154505117981,85.49792172604668,84.67157894736842,False
season2024,Budapest,ALO,Aston Martin,2.0,MEDIUM,28,0.031730706075535305,85.74401477832511,85.03007142857142,False
season2024,Budapest,ALO,Aston Martin,3.0,HARD,31,0.08768627972163322,85.23417953798568,83.85096774193549,False
season2024,Budapest,BOT,Kick Sauber,1.0,MEDIUM,14,-0.058819780219780744,86.59471648351648,85.56842857142858,False
season2024,Budapest,BOT,Kick Sauber,2.0,HARD,27,0.05290231990231969,86.32342816442817,85.41196296296296,False
season2024,Budapest,BOT,Kick Sauber,3.0,HARD,21,0.12194448205822225,86.25817941773869,84.63114285714286,False
season2024,Budapest,GAS,Alpine,1.0,HARD,26,0.035059145299144376,86.15810393162397,85.86896153846155,False
season2024,Budapest,HAM,Mercedes,1.0,MEDIUM,14,0.06874505494505577,84.32188131868125,84.43871428571428,False
season2024,Budapest,HAM,Mercedes,2.0,HARD,22,0.140337097684925,83.63192264257484,83.81863636363637,False
season2024,Budapest,HAM,Mercedes,3.0,HARD,28,0.057357584943792866,85.03376089427813,82.87089285714285,False
season2024,Budapest,HUL,Haas F1 Team,2.0,HARD,25,0.1436176923076916,84.26335230769232,85.39399999999999,False
season2024,Budapest,HUL,Haas F1 Team,3.0,HARD,38,0.10834865790976603,85.21202512849803,84.72049999999999,False
season2024,Budapest,LEC,Ferrari,1.0,MEDIUM,21,0.06544025974025902,84.43557402597403,84.56085714285713,False
season2024,Budapest,LEC,Ferrari,2.0,HARD,15,0.19298928571428503,83.3399630952381,83.31686666666668,False
season2024,Budapest,LEC,Ferrari,3.0,MEDIUM,28,0.06241707717569912,85.1157881773399,83.03260714285715,False
season2024,Budapest,MAG,Haas F1 Team,2.0,HARD,26,0.09099726495726412,85.30011658119659,85.49207692307694,False
season2024,Budapest,MAG,Haas F1 Team,3.0,HARD,33,0.1372185581945031,85.11574686439707,84.74312121212121,False
season2024,Budapest,NOR,McLaren,1.0,MEDIUM,15,0.07887857142856965,83.95715952380957,84.17206666666668,False
season2024,Budapest,NOR,McLaren,2.0,HARD,26,0.09978461538461525,83.86426153846153,83.67842307692307,False
season2024,Budapest,NOR,McLaren,3.0,MEDIUM,23,0.14849637960252576,83.70642135264212,82.62382608695653,False
season2024,Budapest,OCO,Alpine,2.0,HARD,22,0.10398249576510561,85.18926425748165,85.47154545454545,False
season2024,Budapest,OCO,Alpine,3.0,HARD,30,0.09022238420346076,85.921282501696,84.8548,False
season2024,Budapest,PER,Red Bull Racing,1.0,HARD,26,0.02679897435897405,85.8616071794872,85.4526923076923,False
season2024,Budapest,PER,Red Bull Racing,2.0,MEDIUM,17,0.005245098039212557,85.17843137254904,83.14088235294119,False
season2024,Budapest,PER,Red Bull Racing,3.0,MEDIUM,21,0.17736450319644734,83.49443948423449,82.42442857142858,False
season2024,Budapest,PIA,McLaren,1.0,MEDIUM,16,0.07086470588235416,83.97241029411762,84.123125,False
season2024,Budapest,PIA,McLaren,2.0,HARD,27,0.10960378510378509,83.7825986975987,83.72125925925924,False
season2024,Budapest,PIA,McLaren,3.0,MEDIUM,21,0.09996638655462309,84.29849579831931,82.36804761904762,False
season2024,Budapest,RIC,RB,2.0,HARD,19,0.09410175438596394,85.41188070175436,85.457,False
season2024,Budapest,RIC,RB,3.0,HARD,39,0.10403823033429235,84.83524158317624,84.33384615384617,False
season2024,Budapest,RUS,Mercedes,1.0,HARD,31,0.041209274193549715,85.65576491935481,85.42132258064518,False
season2024,Budapest,RUS,Mercedes,2.0,MEDIUM,18,0.0736016511867895,84.38207155142759,82.76238888888889,False
season2024,Budapest,RUS,Mercedes,3.0,HARD,15,0.24323665620094317,83.46694387755097,82.34646666666667,False
season2024,Budapest,SAI,Ferrari,1.0,MEDIUM,19,0.050371929824559104,84.82006666666669,84.76915789473685,False
season2024,Budapest,SAI,Ferrari,2.0,HARD,24,0.075783913043478,84.52445884057973,83.65004166666667,False
season2024,Budapest,SAI,Ferrari,3.0,MEDIUM,21,0.14290641711229635,84.07253514132925,82.57171428571431,False
season2024,Budapest,SAR,Williams,2.0,HARD,23,0.08379743083003645,85.53054644268775,85.46491304347826,False
season2024,Budapest,SAR,Williams,3.0,HARD,27,0.11251552698313996,85.75391466832764,84.80377777777778,False
season2024,Budapest,STR,Aston Martin,1.0,SOFT,12,-0.09981468531468603,86.8244708624709,85.36391666666667,False
season2024,Budapest,STR,Aston Martin,2.0,MEDIUM,29,0.03215073891625465,86.05474778325122,84.95131034482759,False
season2024,Budapest,STR,Aston Martin,3.0,HARD,23,0.12313224499158971,84.63792865881636,83.19547826086956,False
season2024,Budapest,TSU,RB,1.0,MEDIUM,27,0.06390842490842583,85.34700325600323,85.48062962962962,False
season2024,Budapest,TSU,RB,2.0,HARD,39,0.04373550202389274,86.00409589298057,84.17023076923077,False
season2024,Budapest,VER,Red Bull Racing,1.0,MEDIUM,19,0.06837192982456165,84.38332982456137,84.53042105263158,False
season2024,Budapest,VER,Red Bull Racing,2.0,HARD,26,0.11879658119658076,83.93844957264957,83.70850000000002,False
season2024,Budapest,VER,Red Bull Racing,3.0,MEDIUM,19,0.14362637889688115,84.28124748201442,82.59378947368421,False
season2024,Budapest,ZHO,Kick Sauber,2.0,HARD,27,0.12840354090354056,85.08494688644687,85.80099999999996,False
season2024,Budapest,ZHO,Kick Sauber,3.0,HARD,31,0.09451413589793334,86.152288299826,84.85422580645161,False
season2024,Imola,ALB,Williams,3.0,MEDIUM,12,0.12524825174824777,81.97555477855481,82.00741666666666,False
season2024,Imola,ALB,Williams,5.0,MEDIUM,21,0.07596753246753203,82.46864935064933,81.788,False
season2024,Imola,ALO,Aston Martin,2.0,HARD,31,0.10128508064516177,82.1232233870968,82.62635483870969,False
season2024,Imola,ALO,Aston Martin,3.0,MEDIUM,17,0.20792892156863116,81.95513480392154,81.49235294117648,False
season2024,Imola,BOT,Kick Sauber,2.0,HARD,53,0.10544444444444429,82.03268763102724,83.00513207547168,False
season2024,Imola,GAS,Alpine,2.0,HARD,20,0.13549097744361208,81.84530375939848,82.33095,False
season2024,Imola,GAS,Alpine,3.0,MEDIUM,31,0.09233709677419416,83.4703016129032,82.45503225806452,False
season2024,Imola,HAM,Mercedes,1.0,MEDIUM,25,0.11766923076923236,81.07919076923076,81.95656,False
season2024,Imola,HAM,Mercedes,2.0,HARD,35,0.04842857142857072,82.60157142857146,80.9917142857143,False
season2024,Imola,HUL,Haas F1 Team,1.0,MEDIUM,11,0.11387272727272868,81.84434545454543,82.25645454545455,False
season2024,Imola,HUL,Haas F1 Team,2.0,HARD,48,0.06396433999131627,83.12443016355478,82.63802083333333,False
season2024,Imola,LEC,Ferrari,1.0,MEDIUM,23,0.09959387351778287,80.86214920948619,81.44186956521739,False
season2024,Imola,LEC,Ferrari,2.0,HARD,37,0.06269464201043175,81.88045851114272,80.65935135135133,False
season2024,Imola,MAG,Haas F1 Team,1.0,MEDIUM,35,0.07320224089635816,82.64481456582634,82.99065714285716,False
season2024,Imola,MAG,Haas F1 Team,2.0,HARD,24,0.032880869565217664,84.06077492753622,81.72716666666666,False
season2024,Imola,NOR,McLaren,1.0,MEDIUM,20,0.11359323308270758,80.67382781954885,81.34764999999999,False
season2024,Imola,NOR,McLaren,2.0,HARD,40,0.03946303939962322,82.11608161350846,80.6115,False
season2024,Imola,OCO,Alpine,1.0,MEDIUM,23,0.09841106719367156,82.3478735177866,82.91221739130435,False
season2024,Imola,OCO,Alpine,2.0,HARD,36,0.07584800514800494,83.7135472329472,82.74508333333333,False
season2024,Imola,PER,Red Bull Racing,1.0,HARD,35,0.06834537815126025,82.25040924369748,82.50397142857143,False
season2024,Imola,PER,Red Bull Racing,2.0,MEDIUM,25,0.0518976923076922,82.56819230769233,80.48976,False
season2024,Imola,PIA,McLaren,1.0,MEDIUM,21,0.1032376623376621,81.02967186147185,81.6085238095238,False
season2024,Imola,PIA,McLaren,2.0,HARD,39,0.058785020242913995,81.90608852901484,80.77935897435897,False
season2024,Imola,RIC,RB,1.0,MEDIUM,9,0.061950000000003946,82.34463333333332,82.38633333333333,False
season2024,Imola,RIC,RB,2.0,HARD,50,0.06575068427370798,82.9244868667467,82.60438,False
season2024,Imola,RUS,Mercedes,1.0,MEDIUM,19,0.10058070175438324,81.1905596491228,81.69194736842105,False
season2024,Imola,RUS,Mercedes,2.0,HARD,29,0.05550492610837441,82.30254187192116,81.15562068965517,False
season2024,Imola,RUS,Mercedes,3.0,MEDIUM,10,0.2601818181818225,80.94025454545447,79.9343,False
season2024,Imola,SAI,Ferrari,1.0,MEDIUM,25,0.08674153846153718,81.15941846153848,81.6038,False
season2024,Imola,SAI,Ferrari,2.0,HARD,35,0.061638655462184735,82.26900840336137,80.91014285714286,False
season2024,Imola,SAR,Williams,1.0,HARD,29,0.07732512315270966,82.9289359605911,83.28613793103447,False
season2024,Imola,SAR,Williams,2.0,MEDIUM,30,0.08767719688542869,83.54922625139046,82.38339999999998,False
season2024,Imola,STR,Aston Martin,1.0,MEDIUM,35,0.0696882352941182,82.30243529411766,82.65120000000002,False
season2024,Imola,STR,Aston Martin,2.0,HARD,25,0.07530615384615383,82.90796769230766,81.23255999999999,False
season2024,Imola,TSU,RB,1.0,MEDIUM,10,0.09796363636363674,81.97943636363638,82.2587,False
season2024,Imola,TSU,RB,2.0,HARD,49,0.06191642857142862,82.96798918367345,82.4878163265306,False
season2024,Imola,VER,Red Bull Racing,1.0,MEDIUM,22,0.11191360813099745,80.42876171654437,81.14018181818182,False
season2024,Imola,VER,Red Bull Racing,2.0,HARD,38,0.0556161505635191,82.03034259765835,80.72297368421054,False
season2024,Imola,ZHO,Kick Sauber,1.0,HARD,31,0.06459274193548471,82.90743951612899,83.07051612903226,False
season2024,Imola,ZHO,Kick Sauber,2.0,MEDIUM,28,0.09819868637109964,83.56042036124794,82.41499999999999,False
season2024,Jeddah,ALB,Williams,2.0,HARD,41,-0.05406236933797827,97.77926376306618,94.88582926829267,False
season2024,Jeddah,ALO,Aston Martin,2.0,HARD,41,-0.022888501742162802,95.8452020905924,93.64587804878049,False
season2024,Jeddah,BEA,Ferrari,2.0,HARD,41,-0.04122996515679611,96.38287456445995,93.78458536585366,False
season2024,Jeddah,BOT,Kick Sauber,2.0,HARD,25,-0.018200769230769413,97.53601153846152,96.05300000000001,False
season2024,Jeddah,BOT,Kick Sauber,3.0,SOFT,13,0.04452747252747525,95.16454945054942,93.15576923076922,False
season2024,Jeddah,HAM,Mercedes,1.0,MEDIUM,30,-0.01083079356127983,95.57968817810689,94.26526666666669,False
season2024,Jeddah,HAM,Mercedes,2.0,SOFT,13,0.1241593406593393,93.38709340659342,92.33284615384615,False
season2024,Jeddah,HUL,Haas F1 Team,1.0,MEDIUM,27,-0.029798091095372584,96.88609819534814,95.32518518518518,False
season2024,Jeddah,HUL,Haas F1 Team,2.0,HARD,16,0.009797058823531966,95.03117794117644,92.78675000000001,False
season2024,Jeddah,LEC,Ferrari,2.0,HARD,41,-0.008115505226480494,95.075168815331,93.23851219512196,False
season2024,Jeddah,MAG,Haas F1 Team,2.0,HARD,41,-0.04599250871080089,97.53655940766548,94.82873170731708,False
season2024,Jeddah,NOR,McLaren,1.0,MEDIUM,31,0.010498576086956354,94.98707755434782,94.07551612903225,False
season2024,Jeddah,NOR,McLaren,2.0,SOFT,12,0.10436013986013795,93.31822144522143,92.27958333333333,False
season2024,Jeddah,OCO,Alpine,2.0,HARD,40,-0.021291651031896675,97.2416871482177,95.140125,False
season2024,Jeddah,PER,Red Bull Racing,2.0,HARD,41,0.011586933797910459,94.39011027874561,93.00660975609756,False
season2024,Jeddah,PIA,McLaren,2.0,HARD,41,-0.011692508710804237,95.49325435540077,93.56263414634147,False
season2024,Jeddah,RIC,RB,2.0,HARD,40,0.007368011257034169,96.97814474671677,95.521425,False
season2024,Jeddah,RUS,Mercedes,2.0,HARD,41,-0.016226829268294073,95.76102195121952,93.73780487804878,False
season2024,Jeddah,SAR,Williams,2.0,HARD,40,-0.027229174484054725,97.42363142589122,95.18847500000001,False
season2024,Jeddah,TSU,RB,2.0,HARD,40,-0.023765572232646866,97.35935037523454,95.202125,False
season2024,Jeddah,VER,Red Bull Racing,2.0,HARD,41,0.025345470383273894,93.8752980836237,92.80824390243903,False
season2024,Jeddah,ZHO,Kick Sauber,1.0,MEDIUM,35,-0.03199514879343485,97.32389063994347,95.36277142857143,False
season2024,Las Vegas,ALB,Williams,2.0,HARD,14,0.07896923076922772,99.34840439560436,99.05714285714285,False
season2024,Las Vegas,ALO,Aston Martin,2.0,HARD,18,0.10336222910217159,99.23377880976946,99.62494444444445,False
season2024,Las Vegas,ALO,Aston Martin,3.0,HARD,25,0.05422769230769065,99.2180646153846,97.94148,False
season2024,Las Vegas,BOT,Kick Sauber,1.0,HARD,15,0.21761428571428268,99.54067142857147,101.00420000000001,False
season2024,Las Vegas,BOT,Kick Sauber,2.0,MEDIUM,16,0.12700588235294302,99.68556911764702,99.43462500000001,False
season2024,Las Vegas,BOT,Kick Sauber,3.0,HARD,11,0.09526480086114261,99.07013024757799,97.4709090909091,False
season2024,Las Vegas,COL,Williams,1.0,HARD,14,0.18409450549450848,99.71683956043947,100.81414285714285,False
season2024,Las Vegas,COL,Williams,2.0,MEDIUM,8,-0.11420238095237534,100.1104880952381,98.29987499999999,False
season2024,Las Vegas,COL,Williams,3.0,HARD,23,0.04111264822134048,99.47305731225298,97.86252173913043,False
season2024,Las Vegas,GAS,Alpine,1.0,MEDIUM,8,0.33748809523809453,98.47894047619053,100.032625,False
season2024,Las Vegas,HAM,Mercedes,1.0,MEDIUM,11,0.06095454545454561,99.50277272727271,99.54445454545454,False
season2024,Las Vegas,HAM,Mercedes,2.0,HARD,12,-0.007318181818178704,98.81078787878785,97.62108333333333,False
season2024,Las Vegas,HAM,Mercedes,3.0,HARD,21,0.07254358655043576,97.72225840597751,96.52366666666666,False
season2024,Las Vegas,HUL,Haas F1 Team,1.0,MEDIUM,12,0.23580769230769,98.94969230769233,100.30575,False
season2024,Las Vegas,HUL,Haas F1 Team,2.0,HARD,17,0.09218137254901727,98.92371568627453,98.5255294117647,False
season2024,Las Vegas,HUL,Haas F1 Team,3.0,HARD,16,-0.013700000000000049,99.83902499999996,97.371375,False
season2024,Las Vegas,LAW,RB,1.0,MEDIUM,9,0.18030000000000243,99.39908888888887,100.15088888888889,False
season2024,Las Vegas,LAW,RB,2.0,HARD,25,0.0864353846153847,99.63338923076917,99.55492,False
season2024,Las Vegas,LAW,RB,3.0,HARD,9,0.014882653061222514,99.72514795918373,97.37366666666667,False
season2024,Las Vegas,LEC,Ferrari,2.0,HARD,20,-0.025974436090223426,99.65600601503756,98.22980000000001,False
season2024,Las Vegas,LEC,Ferrari,3.0,HARD,16,0.032866071428572945,98.41033928571426,96.48400000000001,False
season2024,Las Vegas,MAG,Haas F1 Team,1.0,MEDIUM,15,0.20054999999999618,99.6629166666667,100.97286666666666,False
season2024,Las Vegas,MAG,Haas F1 Team,2.0,HARD,32,-0.020833577712613047,100.49683760997074,98.23475,False
season2024,Las Vegas,NOR,McLaren,2.0,HARD,19,0.02761929824561141,99.53997719298248,98.74378947368422,False
season2024,Las Vegas,NOR,McLaren,3.0,HARD,16,-0.07050735294117473,99.35000735294113,96.5076875,False
season2024,Las Vegas,OCO,Alpine,1.0,MEDIUM,9,0.22841666666667074,99.00583333333333,100.04633333333334,False
season2024,Las Vegas,OCO,Alpine,3.0,HARD,31,0.0884987903225814,99.1937463709677,99.1032258064516,False
season2024,Las Vegas,PER,Red Bull Racing,1.0,HARD,15,0.09061785714285847,99.81137261904763,100.13193333333334,False
season2024,Las Vegas,PER,Red Bull Racing,2.0,MEDIUM,13,0.082774725274729,99.03903296703294,98.32623076923076,False
season2024,Las Vegas,PER,Red Bull Racing,3.0,HARD,17,0.01934313725489637,99.32709803921574,97.2105294117647,False
season2024,Las Vegas,PIA,McLaren,1.0,MEDIUM,8,0.28398809523809637,98.6689404761905,99.92837499999999,False
season2024,Las Vegas,PIA,McLaren,2.0,HARD,13,0.09679120879121363,98.8962857142857,98.68061538461538,False
season2024,Las Vegas,PIA,McLaren,3.0,HARD,23,0.02208026615969481,99.42083817490496,97.605,False
season2024,Las Vegas,RUS,Mercedes,1.0,MEDIUM,10,0.031127272727270935,98.73674545454544,98.6127,False
season2024,Las Vegas,RUS,Mercedes,2.0,HARD,18,0.023285861713112067,98.74343481252144,97.77372222222222,False
season2024,Las Vegas,RUS,Mercedes,3.0,HARD,15,0.048943030973454135,98.45885914454273,96.69086666666665,False
season2024,Las Vegas,SAI,Ferrari,1.0,MEDIUM,8,0.22364285714286244,98.17546428571428,99.10300000000001,False
season2024,Las Vegas,SAI,Ferrari,2.0,HARD,16,0.024470588235296464,99.29890441176465,98.458875,False
season2024,Las Vegas,SAI,Ferrari,3.0,HARD,20,-0.000846490030046376,98.73310393335153,96.53970000000001,False
season2024,Las Vegas,STR,Aston Martin,2.0,HARD,17,0.0450637254901985,99.52900490196079,98.97970588235295,False
season2024,Las Vegas,STR,Aston Martin,3.0,HARD,21,0.004237662337662169,100.04233896103895,97.89742857142858,False
season2024,Las Vegas,TSU,RB,1.0,MEDIUM,8,0.30433333333333723,98.52816666666669,99.8995,False
season2024,Las Vegas,TSU,RB,2.0,HARD,17,0.0414117647058857,99.71123529411763,99.06676470588235,False
season2024,Las Vegas,TSU,RB,3.0,HARD,20,-0.003073684210526498,100.08292105263156,97.81700000000002,False
season2024,Las Vegas,VER,Red Bull Racing,1.0,MEDIUM,9,0.10915000000000145,98.88165555555555,99.20655555555555,False
season2024,Las Vegas,VER,Red Bull Racing,2.0,HARD,14,0.007389010989011011,99.0323362637362,98.02264285714287,False
season2024,Las Vegas,VER,Red Bull Racing,3.0,HARD,21,0.0078073134835298635,99.07487274991504,97.01457142857144,False
season2024,Las Vegas,ZHO,Kick Sauber,1.0,MEDIUM,9,0.22424999999999937,98.80669444444446,100.04644444444443,False
season2024,Las Vegas,ZHO,Kick Sauber,2.0,HARD,21,0.08579610389610763,99.54646017316011,99.39680952380952,False
season2024,Las Vegas,ZHO,Kick Sauber,3.0,HARD,15,0.01585357142856877,99.31318452380955,97.09086666666666,False
season2024,Lusail,ALB,Williams,1.0,MEDIUM,28,-0.024633187131821468,89.0242102182012,87.45714285714287,False
season2024,Lusail,ALB,Williams,4.0,SOFT,12,0.2576433566433547,86.18998135198132,87.00066666666667,False
season2024,Lusail,ALO,Aston Martin,1.0,MEDIUM,28,-0.033292947459213566,88.62108621607237,86.88360714285714,False
season2024,Lusail,ALO,Aston Martin,4.0,MEDIUM,15,-0.11367499999999926,89.53943333333333,84.51593333333334,False
season2024,Lusail,BOT,Kick Sauber,1.0,MEDIUM,18,-0.07118472652218841,89.47528964568286,87.64561111111112,False
season2024,Lusail,BOT,Kick Sauber,4.0,MEDIUM,15,0.008674999999999171,88.96274166666672,86.41226666666665,False
season2024,Lusail,GAS,Alpine,1.0,MEDIUM,28,-0.05183617478115782,88.74831186801492,86.64592857142857,False
season2024,Lusail,GAS,Alpine,4.0,HARD,15,-0.07600357142857098,88.24605357142853,84.35599999999998,False
season2024,Lusail,HAM,Mercedes,1.0,MEDIUM,27,-0.028516665954444603,87.900041344387,86.30085185185186,False
season2024,Lusail,HAM,Mercedes,5.0,HARD,9,0.08113333333333468,86.16235555555555,84.78888888888888,False
season2024,Lusail,HUL,Haas F1 Team,2.0,HARD,24,-0.05291701863354091,89.38121068322985,87.54108333333333,False
season2024,Lusail,LAW,RB,1.0,MEDIUM,28,-0.03209282266796418,89.03575518893028,87.32189285714287,False
season2024,Lusail,LAW,RB,5.0,SOFT,15,0.0368428571428594,89.55443809523807,87.17286666666665,False
season2024,Lusail,LEC,Ferrari,1.0,MEDIUM,27,-0.03655459828094087,87.461885920665,85.65866666666668,False
season2024,Lusail,LEC,Ferrari,4.0,HARD,15,-0.032635714285714115,86.96660238095235,83.72706666666664,False
season2024,Lusail,MAG,Haas F1 Team,1.0,MEDIUM,21,-0.05542467532467232,88.79408051948046,87.02728571428572,False
season2024,Lusail,MAG,Haas F1 Team,4.0,HARD,15,-0.14776785714285565,91.41939404761902,85.27073333333333,False
season2024,Lusail,NOR,McLaren,1.0,MEDIUM,28,-0.01759621802002148,86.78035428253618,85.35435714285714,False
season2024,Lusail,NOR,McLaren,5.0,HARD,11,0.02424545454545656,85.85000909090907,83.40218181818183,False
season2024,Lusail,PER,Red Bull Racing,1.0,MEDIUM,28,-0.016728303756584316,87.61640340606705,86.20489285714287,False
season2024,Lusail,PIA,McLaren,1.0,MEDIUM,26,-0.02386948840984619,87.16459387906131,85.68730769230771,False
season2024,Lusail,PIA,McLaren,4.0,HARD,15,-0.061414285714287704,87.47649523809527,83.74386666666668,False
season2024,Lusail,RUS,Mercedes,1.0,MEDIUM,17,-0.01572303921568388,87.06937499999998,86.06352941176472,False
season2024,Lusail,RUS,Mercedes,2.0,HARD,9,0.04331621621621362,87.17692702702705,85.83533333333334,False
season2024,Lusail,RUS,Mercedes,5.0,HARD,15,-0.061978571428572646,87.54047857142857,83.86080000000001,False
season2024,Lusail,SAI,Ferrari,1.0,MEDIUM,26,-0.03512805271073531,87.55491119386949,85.83161538461538,False
season2024,Lusail,SAI,Ferrari,4.0,HARD,15,-0.09235714285714595,88.610780952381,84.38306666666668,False
season2024,Lusail,TSU,RB,1.0,MEDIUM,28,-0.030213503147308644,89.17970143693452,87.50282142857142,False
season2024,Lusail,TSU,RB,5.0,SOFT,15,0.08004642857142924,89.0617357142857,87.11220000000002,False
season2024,Lusail,VER,Red Bull Racing,1.0,MEDIUM,28,-0.020966703744902417,86.76856025213203,85.27635714285714,False
season2024,Lusail,VER,Red Bull Racing,4.0,HARD,15,0.014032142857141737,85.92038452380952,83.38086666666666,False
season2024,Lusail,ZHO,Kick Sauber,1.0,MEDIUM,28,-0.05478490025876016,89.07994571580629,86.91953571428573,False
season2024,Lusail,ZHO,Kick Sauber,4.0,HARD,15,-0.14064642857143078,89.70776309523809,84.84806666666667,False
season2024,Marina Bay,ALB,Williams,1.0,MEDIUM,9,-0.004199999999995474,99.94786666666663,99.59266666666666,False
season2024,Marina Bay,ALO,Aston Martin,1.0,MEDIUM,23,0.06486660079051271,98.80578063241109,98.99891304347828,False
season2024,Marina Bay,ALO,Aston Martin,2.0,HARD,35,0.05460868347338864,99.69039775910366,98.36257142857143,False
season2024,Marina Bay,BOT,Kick Sauber,1.0,HARD,31,0.060880645161290756,100.26799677419355,100.3679677419355,False
season2024,Marina Bay,BOT,Kick Sauber,2.0,MEDIUM,27,0.048868742368742474,100.32985775335776,98.42288888888889,False
season2024,Marina Bay,COL,Williams,1.0,MEDIUM,27,0.06965750915750851,98.936766992267,99.15662962962963,False
season2024,Marina Bay,COL,Williams,2.0,HARD,31,0.06994516129032326,99.5345451612903,98.19361290322578,False
season2024,Marina Bay,GAS,Alpine,1.0,MEDIUM,35,0.11778851540616284,99.12556106442577,100.31854285714287,False
season2024,Marina Bay,GAS,Alpine,2.0,SOFT,23,0.11257411067193372,99.31227569169961,98.02573913043479,False
season2024,Marina Bay,HAM,Mercedes,1.0,SOFT,15,0.014182142857145768,98.75292976190472,98.41393333333333,False
season2024,Marina Bay,HAM,Mercedes,2.0,HARD,44,0.06306441155743417,99.23044087385485,98.48495454545454,False
season2024,Marina Bay,HUL,Haas F1 Team,1.0,MEDIUM,27,0.09356105006105013,98.56495461945461,99.14337037037038,False
season2024,Marina Bay,HUL,Haas F1 Team,2.0,HARD,31,0.07771209677419533,99.3677975806451,98.15890322580644,False
season2024,Marina Bay,LEC,Ferrari,1.0,MEDIUM,34,0.055993277310924086,98.98735966386555,99.00573529411766,False
season2024,Marina Bay,LEC,Ferrari,2.0,HARD,25,0.13020846153846122,97.62564153846152,96.69856,False
season2024,Marina Bay,MAG,Haas F1 Team,1.0,HARD,26,0.11702564102564114,99.03697435897439,99.93634615384615,False
season2024,Marina Bay,MAG,Haas F1 Team,2.0,MEDIUM,19,0.07706315789473527,99.95283157894738,98.65552631578946,False
season2024,Marina Bay,NOR,McLaren,1.0,MEDIUM,28,0.06798440065681263,97.24020607553366,97.4414642857143,False
season2024,Marina Bay,NOR,McLaren,2.0,HARD,31,0.07615846774193646,98.00982217741932,96.71951612903226,False
season2024,Marina Bay,OCO,Alpine,1.0,MEDIUM,27,0.10727838827838754,98.97300936100936,99.75718518518518,False
season2024,Marina Bay,OCO,Alpine,2.0,HARD,31,0.06544798387096838,100.20883588709674,98.7914516129032,False
season2024,Marina Bay,PER,Red Bull Racing,1.0,MEDIUM,26,0.07543316239316139,98.99506529914531,99.29134615384615,False
season2024,Marina Bay,PER,Red Bull Racing,2.0,HARD,32,0.06906341642228589,99.50689021261002,98.213,False
season2024,Marina Bay,PIA,McLaren,1.0,MEDIUM,36,0.0399370656370652,98.67469944229946,98.38097222222221,False
season2024,Marina Bay,PIA,McLaren,2.0,HARD,23,0.07491501976284293,98.50349604743084,96.67239130434783,False
season2024,Marina Bay,RIC,RB,1.0,SOFT,8,-0.08614285714285518,100.54728571428574,99.771,False
season2024,Marina Bay,RIC,RB,2.0,MEDIUM,34,0.11545255920550063,98.88821588999231,99.45658823529412,False
season2024,Marina Bay,RIC,RB,3.0,SOFT,10,0.10252727272727298,99.75047272727274,97.5294,False
season2024,Marina Bay,RUS,Mercedes,1.0,MEDIUM,25,0.04801769230769163,98.58523230769234,98.48747999999999,False
season2024,Marina Bay,RUS,Mercedes,2.0,HARD,34,0.05965699006875541,99.1529045072574,97.75405882352942,False
season2024,Marina Bay,SAI,Ferrari,1.0,MEDIUM,11,-0.004190909090910869,99.65624545454544,99.24190909090909,False
season2024,Marina Bay,SAI,Ferrari,2.0,HARD,48,0.05726362353452005,99.06163176653642,98.40435416666666,False
season2024,Marina Bay,STR,Aston Martin,1.0,HARD,24,0.07015086956521807,99.77177072463768,100.04645833333332,False
season2024,Marina Bay,STR,Aston Martin,2.0,MEDIUM,34,0.061306799083270545,99.992840947288,98.74082352941177,False
season2024,Marina Bay,TSU,RB,1.0,MEDIUM,31,0.09516451612903382,98.93988064516122,99.62267741935483,False
season2024,Marina Bay,TSU,RB,2.0,SOFT,27,0.008010989010987362,100.09191330891333,97.5961111111111,False
season2024,Marina Bay,VER,Red Bull Racing,1.0,MEDIUM,27,0.07492002442002456,97.85694037444034,98.15574074074074,False
season2024,Marina Bay,VER,Red Bull Racing,2.0,HARD,32,0.03375403225806426,98.6866794354839,96.719875,False
season2024,Marina Bay,ZHO,Kick Sauber,1.0,HARD,32,0.08554857038122965,99.76568126832854,100.30028124999998,False
season2024,Marina Bay,ZHO,Kick Sauber,2.0,MEDIUM,26,0.06380239316239197,100.12394222222223,98.38157692307692,False
season2024,Melbourne,ALB,Williams,2.0,HARD,18,0.05184912280701845,83.67777076023394,83.31311111111113,False
season2024,Melbourne,ALB,Williams,3.0,HARD,27,0.024060439560438365,84.50861192511192,82.5595185185185,False
season2024,Melbourne,ALO,Aston Martin,1.0,HARD,15,0.022975000000000603,83.45678333333333,83.19153333333333,False
season2024,Melbourne,ALO,Aston Martin,2.0,MEDIUM,22,0.07498362507058283,83.37417560700172,82.76395454545455,False
season2024,Melbourne,ALO,Aston Martin,3.0,HARD,14,-0.01021098901098937,83.91529010989012,81.09578571428571,False
season2024,Melbourne,BOT,Kick Sauber,2.0,HARD,24,0.07644653179190904,83.11523049132946,83.073375,False
season2024,Melbourne,BOT,Kick Sauber,3.0,HARD,18,0.034220846233229504,84.38934778121775,82.19116666666667,False
season2024,Melbourne,GAS,Alpine,1.0,MEDIUM,15,0.10018571428571317,83.81259523809527,84.21926666666666,False
season2024,Melbourne,GAS,Alpine,2.0,HARD,22,0.08466403162055393,83.82706324110677,83.26286363636365,False
season2024,Melbourne,GAS,Alpine,3.0,HARD,13,-0.01957692307691812,84.56307692307692,81.71146153846152,False
season2024,Melbourne,HUL,Haas F1 Team,1.0,HARD,15,0.06982857142857213,83.97874285714286,84.1122,False
season2024,Melbourne,HUL,Haas F1 Team,2.0,MEDIUM,16,0.11800441176470909,83.22339558823522,82.8869375,False
season2024,Melbourne,HUL,Haas F1 Team,3.0,HARD,20,0.06037819548872061,83.7732007518797,81.91005,False
season2024,Melbourne,LEC,Ferrari,2.0,HARD,21,0.050985967503691186,82.56480748399802,82.01590476190475,False
season2024,Melbourne,LEC,Ferrari,3.0,HARD,21,0.003488311688312554,83.06275930735929,80.57461904761904,False
season2024,Melbourne,MAG,Haas F1 Team,2.0,HARD,23,0.05963010399143272,83.66909336289957,83.34730434782608,False
season2024,Melbourne,MAG,Haas F1 Team,3.0,HARD,22,0.10684472049689335,83.35453190287977,82.18759090909091,False
season2024,Melbourne,NOR,McLaren,1.0,MEDIUM,12,0.06759440559440297,82.69420862470864,82.78866666666666,False
season2024,Melbourne,NOR,McLaren,2.0,HARD,22,0.04139699350871161,82.68824632729758,81.76363636363637,False
season2024,Melbourne,NOR,McLaren,3.0,HARD,15,0.019653571428572943,82.81606428571429,80.31760000000001,False
season2024,Melbourne,OCO,Alpine,3.0,HARD,24,0.0936304347826099,83.47848913043478,83.12,False
season2024,Melbourne,OCO,Alpine,4.0,HARD,12,0.10545454545454785,83.1235757575757,81.93016666666666,False
season2024,Melbourne,PER,Red Bull Racing,1.0,MEDIUM,12,0.05949999999999756,83.14316666666669,83.17691666666667,False
season2024,Melbourne,PER,Red Bull Racing,2.0,HARD,17,0.057758616118768515,82.91680938494166,82.17958823529412,False
season2024,Melbourne,PER,Red Bull Racing,3.0,HARD,20,0.07554060150376013,82.77313308270676,81.08435,False
season2024,Melbourne,PIA,McLaren,2.0,HARD,26,0.07177881327522488,82.44542252765673,82.2913076923077,False
season2024,Melbourne,PIA,McLaren,3.0,HARD,16,0.019783823529411555,83.02045735294116,80.5606875,False
season2024,Melbourne,RIC,RB,2.0,HARD,21,0.06226460462614225,83.5552099515869,83.37119047619048,False
season2024,Melbourne,RIC,RB,3.0,HARD,25,0.02804999999999903,84.25614000000003,82.28384,False
season2024,Melbourne,RUS,Mercedes,2.0,HARD,33,0.022758665542359037,83.80242127453445,82.73127272727272,False
season2024,Melbourne,RUS,Mercedes,3.0,HARD,10,0.07315151515151833,83.05731515151513,80.7003,False
season2024,Melbourne,SAI,Ferrari,1.0,MEDIUM,14,0.019210989010988236,82.67149230769225,82.3672857142857,False
season2024,Melbourne,SAI,Ferrari,2.0,HARD,22,0.057736307171090656,82.38633258046305,81.54327272727274,False
season2024,Melbourne,SAI,Ferrari,3.0,HARD,15,0.08330714285714275,82.48563571428573,80.4854,False
season2024,Melbourne,STR,Aston Martin,2.0,HARD,25,0.057643420516995524,83.49646216670061,83.15492,False
season2024,Melbourne,STR,Aston Martin,3.0,HARD,18,-0.011281733746126031,84.18885104919156,81.44661111111111,False
season2024,Melbourne,TSU,RB,2.0,HARD,23,0.07350359458697253,83.35331752184949,83.12621739130437,False
season2024,Melbourne,TSU,RB,3.0,HARD,19,0.016691228070172096,84.11234385964914,81.71094736842105,False
season2024,Melbourne,ZHO,Kick Sauber,2.0,HARD,25,0.021402444533680967,84.16281600742899,83.33816,False
season2024,Melbourne,ZHO,Kick Sauber,3.0,HARD,19,0.010056140350876321,84.65054035087718,82.23115789473684,False
season2024,Mexico City,BOT,Kick Sauber,1.0,HARD,42,0.043618426383599425,83.7863748480674,83.51699999999998,False
season2024,Mexico City,BOT,Kick Sauber,2.0,MEDIUM,20,0.11587142857142785,83.46935714285716,81.59025,False
season2024,Mexico City,COL,Williams,1.0,HARD,40,0.035678705440900814,83.84178930581615,83.329775,False
season2024,Mexico City,COL,Williams,2.0,MEDIUM,22,0.11114511575380975,83.25295878035013,81.36977272727273,False
season2024,Mexico City,GAS,Alpine,1.0,MEDIUM,21,0.1206441558441562,82.21457316017319,83.33052380952383,False
season2024,Mexico City,GAS,Alpine,2.0,HARD,41,0.035243554006969664,84.11927595818811,82.14463414634146,False
season2024,Mexico City,HAM,Mercedes,1.0,MEDIUM,21,0.08102467532467623,82.38339004329005,82.82580952380953,False
season2024,Mexico City,HAM,Mercedes,2.0,HARD,42,0.03737452394457381,83.07471606838993,81.13814285714285,False
season2024,Mexico City,HUL,Haas F1 Team,1.0,MEDIUM,22,0.1102676453980782,82.25613438735179,83.22331818181819,False
season2024,Mexico City,HUL,Haas F1 Team,2.0,HARD,40,0.0433591932457781,83.67065234521571,81.82537500000001,False
season2024,Mexico City,LAW,RB,1.0,HARD,32,0.07612170087976637,82.95007423020522,83.4253125,False
season2024,Mexico City,LAW,RB,2.0,MEDIUM,24,0.05199608695652029,84.0665111594203,81.88095833333334,False
season2024,Mexico City,LEC,Ferrari,1.0,MEDIUM,24,0.08144999999999893,81.53896666666665,82.02829166666668,False
season2024,Mexico City,LEC,Ferrari,2.0,HARD,36,0.06617824967824891,82.2800519090519,80.79302777777778,False
season2024,Mexico City,MAG,Haas F1 Team,1.0,MEDIUM,23,0.11728557312252944,82.00825098814225,83.12939130434783,False
season2024,Mexico City,MAG,Haas F1 Team,2.0,HARD,40,0.02512757973733552,83.60410703564723,81.31185,False
season2024,Mexico City,NOR,McLaren,1.0,MEDIUM,23,0.0626749011857698,82.19637351778658,82.33452173913042,False
season2024,Mexico City,NOR,McLaren,2.0,HARD,40,0.030887617260787585,82.60346622889303,80.43505,False
season2024,Mexico City,OCO,Alpine,1.0,HARD,41,0.03873135888501694,84.00915574912892,83.56990243902439,False
season2024,Mexico City,OCO,Alpine,2.0,MEDIUM,21,0.05873506493506326,83.8985601731602,81.30338095238096,False
season2024,Mexico City,PER,Red Bull Racing,1.0,HARD,13,0.22512637362637392,81.1618186813187,83.37346153846154,False
season2024,Mexico City,PER,Red Bull Racing,2.0,MEDIUM,21,0.18350779220779173,82.67662077922078,83.11871428571428,False
season2024,Mexico City,PER,Red Bull Racing,3.0,MEDIUM,23,0.12750988142292308,83.22493675889329,81.80256521739129,False
season2024,Mexico City,PIA,McLaren,1.0,MEDIUM,32,0.030125183284458065,83.70658962609969,83.14690625,False
season2024,Mexico City,PIA,McLaren,2.0,HARD,31,0.026939516129032656,83.37512499999997,80.75309677419357,False
season2024,Mexico City,RUS,Mercedes,1.0,MEDIUM,24,0.053769999999999096,82.59254666666664,82.56979166666666,False
season2024,Mexico City,RUS,Mercedes,2.0,HARD,39,0.052255465587046135,83.02763522267196,81.26500000000001,False
season2024,Mexico City,SAI,Ferrari,1.0,MEDIUM,25,0.053180769230768914,81.78960538461538,81.75504,False
season2024,Mexico City,SAI,Ferrari,2.0,HARD,38,0.036686946055366924,82.7740755006018,80.63865789473684,False
season2024,Mexico City,STR,Aston Martin,1.0,MEDIUM,19,0.11279298245613979,82.62899298245611,83.66647368421052,False
season2024,Mexico City,STR,Aston Martin,2.0,HARD,43,0.019528843249773553,84.41447055270311,82.18816279069767,False
season2024,Mexico City,VER,Red Bull Racing,1.0,MEDIUM,19,0.057592982456141084,82.27924912280699,82.32073684210526,False
season2024,Mexico City,VER,Red Bull Racing,2.0,HARD,44,0.0347650458069067,83.30888505990134,81.40336363636364,False
season2024,Mexico City,ZHO,Kick Sauber,1.0,HARD,36,0.05903500643500657,83.7096628914629,83.86755555555557,False
season2024,Mexico City,ZHO,Kick Sauber,2.0,MEDIUM,26,0.0718160683760661,84.22592786324788,82.17657692307691,False
season2024,Miami,ALB,Williams,1.0,MEDIUM,8,0.0010952380952359622,94.5792261904762,94.28275,False
season2024,Miami,ALB,Williams,2.0,HARD,34,0.030028309599507107,94.54111774827007,93.42044117647058,False
season2024,Miami,ALO,Aston Martin,1.0,HARD,20,0.04519548872180374,94.45965639097746,94.3921,False
season2024,Miami,ALO,Aston Martin,2.0,MEDIUM,29,0.00888822986687813,94.80476117042312,92.66710344827587,False
season2024,Miami,BOT,Kick Sauber,1.0,SOFT,9,0.002700000000001752,94.92568888888887,94.6118888888889,False
season2024,Miami,BOT,Kick Sauber,2.0,HARD,13,0.047818049912941606,94.45272141613466,93.78584615384615,False
season2024,Miami,BOT,Kick Sauber,3.0,MEDIUM,25,0.024188461538459487,94.97350461538466,92.88552000000001,False
season2024,Miami,GAS,Alpine,1.0,MEDIUM,10,0.09692727272727214,93.94327272727273,94.21579999999999,False
season2024,Miami,GAS,Alpine,2.0,HARD,37,0.02239350312238223,94.5615890977849,93.0881891891892,False
season2024,Miami,HAM,Mercedes,1.0,HARD,23,-0.0031661999670570162,94.55791418217756,93.7966956521739,False
season2024,Miami,HAM,Mercedes,2.0,MEDIUM,25,0.004433076923078247,94.15375230769226,91.77628,False
season2024,Miami,HUL,Haas F1 Team,1.0,MEDIUM,10,0.1865090909090912,93.43669090909091,94.2915,False
season2024,Miami,HUL,Haas F1 Team,2.0,HARD,12,0.165056661562019,93.54737059724347,93.78616666666666,False
season2024,Miami,HUL,Haas F1 Team,3.0,MEDIUM,25,0.004660769230768022,94.95236692307692,92.5566,False
season2024,Miami,LEC,Ferrari,1.0,MEDIUM,17,0.01725490196078077,93.5756274509804,93.19817647058824,False
season2024,Miami,LEC,Ferrari,2.0,HARD,31,0.025347245754734012,93.41837179487182,91.72196774193546,False
season2024,Miami,MAG,Haas F1 Team,1.0,HARD,20,-0.015714285714285146,95.38261428571425,94.5694,False
season2024,Miami,MAG,Haas F1 Team,4.0,MEDIUM,25,0.09140384615384542,93.3532546153846,92.43212,False
season2024,Miami,NOR,McLaren,1.0,MEDIUM,25,-0.01107104140237709,93.99264594625768,93.05708,False
season2024,Miami,NOR,McLaren,2.0,HARD,25,0.056335384615384246,92.77623384615384,91.20259999999999,False
season2024,Miami,OCO,Alpine,1.0,MEDIUM,20,0.019362406015037654,94.60373233082706,94.1939,False
season2024,Miami,OCO,Alpine,2.0,HARD,29,0.02394934756820882,94.59075290628707,92.75010344827587,False
season2024,Miami,PER,Red Bull Racing,1.0,MEDIUM,15,0.07753928571428144,93.2394797619048,93.44233333333332,False
season2024,Miami,PER,Red Bull Racing,3.0,MEDIUM,25,-0.0040892307692302985,94.29888307692305,91.73392,False
season2024,Miami,PIA,McLaren,1.0,MEDIUM,24,0.030933778920307922,93.30973559554413,92.98183333333333,False
season2024,Miami,PIA,McLaren,3.0,MEDIUM,16,0.17591911764705886,91.82769117647061,91.8319375,False
season2024,Miami,RIC,RB,1.0,HARD,24,0.0006858942065506877,95.15217846347603,94.40083333333332,False
season2024,Miami,RIC,RB,2.0,MEDIUM,25,0.012694615384616864,95.17751846153843,92.98179999999998,False
season2024,Miami,RUS,Mercedes,1.0,MEDIUM,20,0.02221578947368159,94.26652105263163,93.95614999999998,False
season2024,Miami,RUS,Mercedes,2.0,HARD,27,0.04449117297897683,94.007765863746,92.48148148148148,False
season2024,Miami,SAI,Ferrari,1.0,MEDIUM,24,0.024518457583546968,93.48118601542419,93.06587499999999,False
season2024,Miami,SAI,Ferrari,2.0,HARD,25,0.002570769230770382,94.03984615384614,91.61111999999999,False
season2024,Miami,SAR,Williams,1.0,MEDIUM,9,0.003283333333339896,94.81985555555553,94.50955555555555,False
season2024,Miami,SAR,Williams,2.0,HARD,13,0.0660258270458531,94.2475467208357,93.73753846153843,False
season2024,Miami,STR,Aston Martin,1.0,MEDIUM,9,0.03146666666667021,94.2962888888889,94.18655555555557,False
season2024,Miami,STR,Aston Martin,2.0,HARD,13,0.06662536273940377,94.15014074289033,93.71192307692309,False
season2024,Miami,STR,Aston Martin,3.0,MEDIUM,25,-0.005179230769232954,95.24488692307693,92.68184000000001,False
season2024,Miami,TSU,RB,1.0,MEDIUM,24,0.009122795969773893,94.6194263224181,93.98479166666668,False
season2024,Miami,TSU,RB,2.0,HARD,25,0.013106923076921958,94.4232623076923,92.17107999999999,False
season2024,Miami,VER,Red Bull Racing,1.0,MEDIUM,21,0.03555584415584329,93.2318536796537,92.9985238095238,False
season2024,Miami,VER,Red Bull Racing,2.0,HARD,28,0.031639357164217626,93.32891426232867,91.59753571428568,False
season2024,Miami,ZHO,Kick Sauber,1.0,MEDIUM,24,0.013488413098238679,94.84632695214101,94.27208333333333,False
season2024,Miami,ZHO,Kick Sauber,2.0,SOFT,25,0.018414615384613694,95.12807153846151,92.96611999999999,False
season2024,Monaco,ALB,Williams,2.0,HARD,74,-0.00036160058680443984,82.35350324441181,80.14837837837838,False
season2024,Monaco,ALO,Aston Martin,2.0,MEDIUM,73,-0.006565710733358169,82.9456322673352,80.52432876712328,False
season2024,Monaco,BOT,Kick Sauber,2.0,MEDIUM,12,-0.42159440559440564,86.46379137529136,82.83433333333333,False
season2024,Monaco,BOT,Kick Sauber,3.0,HARD,59,0.02224895850031678,81.7100125828626,79.87810169491526,False
season2024,Monaco,GAS,Alpine,2.0,MEDIUM,74,-0.004871700575222352,82.63351712774579,80.25322972972972,False
season2024,Monaco,HAM,Mercedes,2.0,MEDIUM,48,-0.052389926183239295,82.61494311767258,79.8215,False
season2024,Monaco,HAM,Mercedes,3.0,HARD,26,0.03142564102563927,78.78859487179488,75.67319230769232,False
season2024,Monaco,LEC,Ferrari,2.0,HARD,75,-0.012635524027460916,81.16358394508016,78.44825333333334,False
season2024,Monaco,NOR,McLaren,2.0,HARD,75,-0.012451148741419395,81.26620966590394,78.54568,False
season2024,Monaco,PIA,McLaren,2.0,HARD,75,-0.008880823798627082,81.11287322654464,78.53634666666667,False
season2024,Monaco,RIC,RB,2.0,HARD,72,-0.007608707344768027,82.99000770433673,80.53783333333334,False
season2024,Monaco,RUS,Mercedes,2.0,MEDIUM,74,-0.03442022368114747,82.11647606015738,78.55837837837839,False
season2024,Monaco,SAI,Ferrari,2.0,HARD,75,-0.011716778032036714,81.21245993592676,78.53326666666668,False
season2024,Monaco,SAR,Williams,2.0,HARD,53,0.01844744772970614,82.55084972831685,81.48737735849056,False
season2024,Monaco,SAR,Williams,3.0,MEDIUM,18,0.0937925696594422,79.85456690746472,77.1268888888889,False
season2024,Monaco,STR,Aston Martin,2.0,MEDIUM,39,-0.04022085020243043,83.2205766531714,81.12571794871795,False
season2024,Monaco,STR,Aston Martin,4.0,SOFT,26,0.06425974160206707,81.01109937984496,78.51426923076923,False
season2024,Monaco,TSU,RB,2.0,HARD,74,-0.012099504304520463,82.64662619850981,79.97352702702703,False
season2024,Monaco,VER,Red Bull Racing,2.0,MEDIUM,49,-0.04006387755102129,82.28913020408162,79.7624693877551,False
season2024,Monaco,VER,Red Bull Racing,3.0,HARD,25,0.06285999999999926,78.36829999999998,75.6812,False
season2024,Monaco,ZHO,Kick Sauber,2.0,HARD,66,0.014077543107472454,82.64606119042956,81.16807575757575,False
season2024,Monza,ALB,Williams,1.0,MEDIUM,15,0.022964285714284036,86.35012142857143,86.06179999999999,False
season2024,Monza,ALB,Williams,2.0,HARD,35,0.02275266106442511,86.34261372549018,84.79491428571428,False
season2024,Monza,ALO,Aston Martin,1.0,MEDIUM,10,-0.07284242424242497,87.04261818181818,86.1388,False
season2024,Monza,ALO,Aston Martin,2.0,HARD,21,0.0533155844155871,85.65646883116877,85.02957142857142,False
season2024,Monza,ALO,Aston Martin,3.0,HARD,17,0.03715931372548815,85.58891176470588,83.55982352941176,False
season2024,Monza,BOT,Kick Sauber,1.0,HARD,31,0.04584556451612962,86.78084435483873,86.67106451612905,False
season2024,Monza,BOT,Kick Sauber,2.0,MEDIUM,18,-0.058067079463359005,87.96993808049527,84.90966666666667,False
season2024,Monza,COL,Williams,1.0,MEDIUM,14,0.022797802197803863,86.92371868131859,86.65,False
season2024,Monza,COL,Williams,2.0,HARD,36,0.04319150579150415,85.98548785928789,84.87522222222225,False
season2024,Monza,GAS,Alpine,1.0,MEDIUM,8,0.06505952380952326,86.38004761904764,86.43537500000001,False
season2024,Monza,GAS,Alpine,2.0,HARD,18,0.1253828689370479,85.41225765393875,85.60127777777778,False
season2024,Monza,GAS,Alpine,3.0,HARD,21,0.017148051948051964,86.76703290043287,84.66280952380951,False
season2024,Monza,HAM,Mercedes,1.0,MEDIUM,13,0.023626373626377515,85.49106593406593,85.24007692307691,False
season2024,Monza,HAM,Mercedes,2.0,HARD,20,-0.032966917293232804,85.76661954887216,83.92999999999999,False
season2024,Monza,HAM,Mercedes,3.0,HARD,15,0.07520357142856918,84.54303452380954,82.68986666666666,False
season2024,Monza,HUL,Haas F1 Team,2.0,HARD,25,0.06519153846153865,85.62075846153847,85.48844,False
season2024,Monza,HUL,Haas F1 Team,3.0,HARD,19,0.05891929824561037,85.9282561403509,84.21136842105264,False
season2024,Monza,LEC,Ferrari,1.0,MEDIUM,13,0.0749395604395645,84.71317582417579,84.8726923076923,False
season2024,Monza,LEC,Ferrari,2.0,HARD,37,0.04667970602181124,84.6163518255097,83.62494594594595,False
season2024,Monza,MAG,Haas F1 Team,1.0,MEDIUM,12,-0.009017482517484262,86.65104778554782,86.17091666666666,False
season2024,Monza,MAG,Haas F1 Team,2.0,HARD,38,0.009334500492394485,86.28722168727431,84.58107894736843,False
season2024,Monza,NOR,McLaren,1.0,MEDIUM,12,0.013713286713281094,85.1346503496504,84.825,False
season2024,Monza,NOR,McLaren,2.0,HARD,16,0.0004176470588229967,85.11715735294116,83.828625,False
season2024,Monza,NOR,McLaren,3.0,HARD,20,-0.0014233082706749977,85.10921804511275,82.70034999999999,False
season2024,Monza,OCO,Alpine,1.0,HARD,29,0.06564827586206805,86.16076551724136,86.33113793103449,False
season2024,Monza,OCO,Alpine,2.0,MEDIUM,20,0.05126315789473801,86.69217368421052,84.9442,False
season2024,Monza,PER,Red Bull Racing,1.0,HARD,21,0.06004545454545378,85.3630735930736,85.42361904761907,False
season2024,Monza,PER,Red Bull Racing,2.0,HARD,10,0.032533333333334656,85.28993333333332,83.8789,False
season2024,Monza,PER,Red Bull Racing,3.0,MEDIUM,17,0.027149509803921654,85.92568137254901,83.72217647058824,False
season2024,Monza,PIA,McLaren,1.0,MEDIUM,14,0.04554945054945065,84.76990109890106,84.68957142857141,False
season2024,Monza,PIA,McLaren,2.0,HARD,20,0.021451879699249016,84.76305338345864,83.49725000000001,False
season2024,Monza,PIA,McLaren,3.0,HARD,14,0.04901098901098901,84.59926373626371,82.45835714285715,False
season2024,Monza,RIC,RB,1.0,MEDIUM,9,-0.0801833333333313,87.03721111111112,86.22611111111111,False
season2024,Monza,RIC,RB,2.0,HARD,41,0.03811097560975618,85.96015487804875,85.02170731707318,False
season2024,Monza,RUS,Mercedes,1.0,MEDIUM,9,-0.040699999999997884,86.01753333333335,85.44333333333333,False
season2024,Monza,RUS,Mercedes,2.0,HARD,20,0.0013451127819544642,85.60378120300751,84.38174999999998,False
season2024,Monza,RUS,Mercedes,3.0,HARD,19,-0.02884035087719175,85.61045438596489,82.8732105263158,False
season2024,Monza,SAI,Ferrari,1.0,MEDIUM,17,0.0744362745098014,84.95116666666667,85.14552941176468,False
season2024,Monza,SAI,Ferrari,2.0,HARD,33,0.058945521390375524,84.74155637254901,83.76757575757576,False
season2024,Monza,STR,Aston Martin,1.0,HARD,17,0.04104411764706044,86.55033823529409,86.45182352941177,False
season2024,Monza,STR,Aston Martin,2.0,HARD,15,0.09509285714285774,85.42217857142857,84.92820000000002,False
season2024,Monza,STR,Aston Martin,3.0,MEDIUM,12,0.11904895104895069,85.65791724941725,84.27733333333333,False
season2024,Monza,VER,Red Bull Racing,1.0,HARD,20,0.04992631578947327,85.37894736842104,85.3206,False
season2024,Monza,VER,Red Bull Racing,2.0,HARD,17,0.06424264705882014,84.70580882352944,83.58823529411765,False
season2024,Monza,VER,Red Bull Racing,3.0,MEDIUM,11,0.11240909090909304,84.63113636363636,82.778,False
season2024,Monza,ZHO,Kick Sauber,1.0,MEDIUM,13,-0.04532417582417462,87.70230219780218,86.85438461538462,False
season2024,Monza,ZHO,Kick Sauber,2.0,HARD,36,0.08657258687258704,86.06073419133419,85.93797222222221,False
season2024,Sakhir,ALB,Williams,1.0,SOFT,12,0.08590900562851299,98.48212945590996,98.72425000000003,False
season2024,Sakhir,ALB,Williams,2.0,HARD,19,0.07648947368420873,98.54472105263159,97.95610526315791,False
season2024,Sakhir,ALB,Williams,3.0,HARD,19,0.12020175438596067,97.54983333333337,96.28705263157896,False
season2024,Sakhir,ALO,Aston Martin,1.0,SOFT,12,0.07643339587242082,98.0603048780488,98.4575,False
season2024,Sakhir,ALO,Aston Martin,2.0,HARD,24,0.07671217391304315,97.8308023188406,97.29891666666667,False
season2024,Sakhir,ALO,Aston Martin,3.0,HARD,15,0.0784642857142836,97.03622142857145,94.99239999999999,False
season2024,Sakhir,BOT,Kick Sauber,1.0,SOFT,9,0.12540967741935316,98.59927419354841,99.02955555555556,False
season2024,Sakhir,BOT,Kick Sauber,2.0,HARD,16,0.1542058823529439,97.67929411764703,97.96175,False
season2024,Sakhir,BOT,Kick Sauber,3.0,HARD,25,0.07238846153846154,98.44360153846155,97.03704000000002,False
season2024,Sakhir,GAS,Alpine,1.0,SOFT,9,0.08694838709677617,98.75387096774193,98.94911111111112,False
season2024,Sakhir,GAS,Alpine,2.0,HARD,17,0.12710049019607625,98.01981862745097,98.08082352941176,False
season2024,Sakhir,GAS,Alpine,3.0,HARD,10,0.09677575757575964,97.97435757575758,96.5409,False
season2024,Sakhir,GAS,Alpine,4.0,SOFT,12,0.13613986013985863,97.22895104895105,95.47249999999998,False
season2024,Sakhir,HAM,Mercedes,1.0,SOFT,9,0.05806774193548345,98.06671612903226,98.25966666666665,False
season2024,Sakhir,HAM,Mercedes,2.0,HARD,19,0.05775614035087579,97.51568245614034,96.886,False
season2024,Sakhir,HAM,Mercedes,3.0,HARD,23,0.09315810276679688,96.73337944664033,95.41443478260868,False
season2024,Sakhir,HUL,Haas F1 Team,2.0,HARD,15,0.08772564612325688,97.49626507620945,97.77506666666667,False
season2024,Sakhir,HUL,Haas F1 Team,3.0,HARD,19,0.11401403508771825,97.44826666666667,96.9974210526316,False
season2024,Sakhir,HUL,Haas F1 Team,4.0,SOFT,14,0.09449890109890191,97.31790329670334,95.49314285714287,False
season2024,Sakhir,LEC,Ferrari,1.0,SOFT,8,0.18011904761904426,96.71223809523813,97.94074999999998,False
season2024,Sakhir,LEC,Ferrari,2.0,HARD,21,0.06147662337662373,97.42513766233765,96.89785714285715,False
season2024,Sakhir,LEC,Ferrari,3.0,HARD,22,0.11429361942405412,96.35096612083571,95.22213636363637,False
season2024,Sakhir,MAG,Haas F1 Team,1.0,SOFT,8,0.15203571428572282,98.34167857142856,98.87537499999999,False
season2024,Sakhir,MAG,Haas F1 Team,2.0,HARD,19,0.08283859649122852,98.26909122807017,97.97031578947367,False
season2024,Sakhir,MAG,Haas F1 Team,3.0,HARD,23,0.1418982213438703,97.13175790513837,96.50143478260871,False
season2024,Sakhir,NOR,McLaren,1.0,SOFT,10,0.0959860139860145,97.36233566433565,97.92490000000001,False
season2024,Sakhir,NOR,McLaren,2.0,HARD,18,0.08369143446852079,97.1807399380805,96.76700000000001,False
season2024,Sakhir,NOR,McLaren,3.0,HARD,23,0.11600691699604503,96.54851877470357,95.52660869565216,False
season2024,Sakhir,OCO,Alpine,1.0,SOFT,8,0.13352380952381734,98.55436904761905,98.98625,False
season2024,Sakhir,OCO,Alpine,2.0,HARD,18,0.11596491228070036,98.20281286549707,98.29294444444446,False
season2024,Sakhir,OCO,Alpine,3.0,HARD,25,0.11392615384615377,97.91239384615388,97.08736,False
season2024,Sakhir,PER,Red Bull Racing,1.0,SOFT,9,0.14658064516129482,96.61370967741931,97.61311111111111,False
season2024,Sakhir,PER,Red Bull Racing,2.0,HARD,22,0.07393167701863297,96.7042631281762,96.2809090909091,False
season2024,Sakhir,PER,Red Bull Racing,3.0,SOFT,20,0.12163609022556475,96.20088496240602,94.98720000000002,False
season2024,Sakhir,PIA,McLaren,1.0,SOFT,9,0.056841935483871585,97.90532903225807,98.08711111111111,False
season2024,Sakhir,PIA,McLaren,2.0,HARD,20,0.08541278195488779,97.20840300751877,96.89815,False
season2024,Sakhir,PIA,McLaren,3.0,HARD,22,0.11248108413325666,96.65780463015251,95.50631818181817,False
season2024,Sakhir,RIC,RB,1.0,SOFT,10,0.06866033966034181,98.72829470529467,99.0258,False
season2024,Sakhir,RIC,RB,2.0,HARD,20,0.10022631578947348,98.03704736842106,97.84215000000002,False
season2024,Sakhir,RIC,RB,3.0,SOFT,20,0.1783398496240627,96.65549172932326,96.1489,False
season2024,Sakhir,RUS,Mercedes,1.0,SOFT,8,0.241249999999997,95.79600000000005,97.544125,False
season2024,Sakhir,RUS,Mercedes,2.0,HARD,18,0.046049535603716406,97.67225765393873,96.97327777777777,False
season2024,Sakhir,RUS,Mercedes,3.0,HARD,25,0.09789000000000055,96.82457999999997,95.72003999999998,False
season2024,Sakhir,SAI,Ferrari,1.0,SOFT,11,0.08045594125500738,97.24395260347126,97.67045454545455,False
season2024,Sakhir,SAI,Ferrari,2.0,HARD,19,0.09330701754386145,96.62714912280698,96.27852631578948,False
season2024,Sakhir,SAI,Ferrari,3.0,HARD,21,0.07977922077922149,96.67931601731601,95.05166666666666,False
season2024,Sakhir,SAR,Williams,1.0,SOFT,8,0.2169880952380964,98.0249404761905,98.915875,False
season2024,Sakhir,SAR,Williams,2.0,HARD,16,-0.07712352941176184,100.63942352941172,98.83425,False
season2024,Sakhir,SAR,Williams,3.0,HARD,10,0.11816969696969913,97.80469696969695,96.6753,False
season2024,Sakhir,SAR,Williams,4.0,SOFT,14,0.23074725274725316,96.68293406593399,95.97678571428571,False
season2024,Sakhir,STR,Aston Martin,2.0,HARD,16,0.1259426470588271,97.5733573529411,97.7523125,False
season2024,Sakhir,STR,Aston Martin,3.0,HARD,29,0.0913187192118217,97.33576256157635,96.43186206896551,False
season2024,Sakhir,TSU,RB,1.0,SOFT,11,0.09238785046729187,98.27090654205601,98.54281818181818,False
season2024,Sakhir,TSU,RB,2.0,HARD,18,0.06830546955624321,98.33368145854833,97.7033888888889,False
season2024,Sakhir,TSU,RB,3.0,HARD,21,0.10767532467532351,97.91489610389613,96.677,False
season2024,Sakhir,VER,Red Bull Racing,1.0,SOFT,13,0.0864845765563654,96.42860459899049,96.96415384615382,False
season2024,Sakhir,VER,Red Bull Racing,2.0,HARD,18,0.11581011351908893,95.87643825249398,95.57994444444444,False
season2024,Sakhir,VER,Red Bull Racing,3.0,SOFT,19,0.0885315789473678,96.35094210526316,94.68478947368422,False
season2024,Sakhir,ZHO,Kick Sauber,2.0,HARD,17,0.11901470588235191,97.51820588235293,97.66335294117647,False
season2024,Sakhir,ZHO,Kick Sauber,3.0,HARD,27,0.09457081807081766,97.80258587708586,96.85614814814815,False
season2024,Shanghai,ALB,Williams,2.0,MEDIUM,9,0.12026666666667236,102.9536222222222,102.85022222222223,False
season2024,Shanghai,ALB,Williams,3.0,HARD,25,0.07164692307692502,102.45041461538452,101.53499999999998,False
season2024,Shanghai,ALO,Aston Martin,1.0,MEDIUM,9,0.3476166666666736,100.69941111111109,102.45511111111111,False
season2024,Shanghai,ALO,Aston Martin,3.0,SOFT,11,0.17172727272727223,99.8898181818182,100.25900000000001,False
season2024,Shanghai,ALO,Aston Martin,4.0,MEDIUM,12,0.1707062937062943,101.06953613053615,99.57233333333333,False
season2024,Shanghai,BOT,Kick Sauber,2.0,HARD,9,0.17176666666666998,102.01717777777776,102.22277777777776,False
season2024,Shanghai,GAS,Alpine,1.0,MEDIUM,9,0.13681666666666836,102.89054444444444,103.38144444444444,False
season2024,Shanghai,GAS,Alpine,4.0,MEDIUM,17,0.14402696078431085,101.60125980392155,100.40152941176471,False
season2024,Shanghai,HAM,Mercedes,2.0,MEDIUM,9,0.20771666666666602,101.73936666666667,102.16066666666666,False
season2024,Shanghai,HAM,Mercedes,3.0,HARD,25,0.08758692307692316,101.68150076923078,101.27600000000001,False
season2024,Shanghai,HUL,Haas F1 Team,2.0,HARD,10,0.19311515151514833,101.66235151515154,102.12010000000001,False
season2024,Shanghai,HUL,Haas F1 Team,3.0,HARD,25,0.08578153846153896,102.01286769230762,101.39428000000002,False
season2024,Shanghai,LEC,Ferrari,1.0,MEDIUM,18,0.04812487100102947,102.2424110767114,102.17022222222221,False
season2024,Shanghai,LEC,Ferrari,2.0,HARD,25,0.0949861538461532,100.31443846153847,100.07912,False
season2024,Shanghai,MAG,Haas F1 Team,1.0,HARD,15,0.07597499999999786,103.6568916666667,103.84566666666665,False
season2024,Shanghai,MAG,Haas F1 Team,3.0,MEDIUM,25,0.07917846153845833,103.00212615384619,101.92815999999999,False
season2024,Shanghai,NOR,McLaren,1.0,MEDIUM,19,0.08280175438596515,101.5688649122807,101.87468421052631,False
season2024,Shanghai,NOR,McLaren,2.0,HARD,25,0.11214769230769456,99.66511076923071,99.71236,False
season2024,Shanghai,OCO,Alpine,2.0,HARD,9,0.17853333333334023,101.97046666666664,102.21666666666665,False
season2024,Shanghai,OCO,Alpine,3.0,HARD,25,0.07167846153846084,102.36291230769226,101.44815999999999,False
season2024,Shanghai,PER,Red Bull Racing,1.0,MEDIUM,11,0.15638181818181998,100.89723636363637,101.6069090909091,False
season2024,Shanghai,PER,Red Bull Racing,3.0,HARD,25,0.08918923076923106,100.4273861538461,99.88036,False
season2024,Shanghai,PIA,McLaren,1.0,MEDIUM,14,0.1539362637362633,101.7423274725274,102.58328571428571,False
season2024,Shanghai,PIA,McLaren,3.0,HARD,25,0.08602923076923123,101.97321538461537,101.2738,False
season2024,Shanghai,RIC,RB,1.0,MEDIUM,12,0.0489930069930063,103.44121911421911,103.39616666666667,False
season2024,Shanghai,RUS,Mercedes,1.0,MEDIUM,9,0.2978666666666716,101.16246666666662,102.61966666666666,False
season2024,Shanghai,RUS,Mercedes,3.0,HARD,25,0.06486230769230862,101.64937153846147,100.59148,False
season2024,Shanghai,SAI,Ferrari,1.0,MEDIUM,15,0.1131964285714289,102.10983214285716,102.63359999999999,False
season2024,Shanghai,SAI,Ferrari,2.0,HARD,26,0.06226079919069353,101.14443995953462,100.39849999999998,False
season2024,Shanghai,SAR,Williams,1.0,SOFT,10,0.013557575757575416,104.06857575757573,103.7992,False
season2024,Shanghai,SAR,Williams,3.0,HARD,25,0.09418384615384807,102.83144307692305,102.29511999999998,False
season2024,Shanghai,STR,Aston Martin,2.0,MEDIUM,9,0.15470000000000222,101.71502222222226,101.81822222222223,False
season2024,Shanghai,STR,Aston Martin,5.0,HARD,20,0.1566090225563907,100.45855112781956,100.48509999999999,False
season2024,Shanghai,TSU,RB,2.0,MEDIUM,10,0.14095151515151444,102.40371515151513,102.52240000000002,False
season2024,Shanghai,VER,Red Bull Racing,1.0,MEDIUM,11,0.17037272727272648,100.17075454545453,100.97836363636362,False
season2024,Shanghai,VER,Red Bull Racing,3.0,HARD,25,0.11380769230769314,99.22399846153841,99.19396,False
season2024,Shanghai,ZHO,Kick Sauber,2.0,HARD,10,0.21677575757575557,101.9385575757576,102.5501,False
season2024,Shanghai,ZHO,Kick Sauber,3.0,HARD,8,-0.05184523809523835,104.33994047619049,101.739375,False
season2024,Shanghai,ZHO,Kick Sauber,4.0,SOFT,15,0.2110500000000007,101.08235,100.28680000000001,False
season2024,Spa-Francorchamps,ALB,Williams,2.0,MEDIUM,12,0.051290649470296,110.55006725011512,110.08008333333332,False
season2024,Spa-Francorchamps,ALB,Williams,3.0,HARD,20,0.059985714285715,109.81361428571427,108.60594999999998,False
season2024,Spa-Francorchamps,ALO,Aston Martin,1.0,MEDIUM,11,0.07707272727272463,110.63694545454548,110.79145454545454,False
season2024,Spa-Francorchamps,ALO,Aston Martin,2.0,MEDIUM,29,-0.02363596059113353,111.14160443349748,109.08979310344827,False
season2024,Spa-Francorchamps,BOT,Kick Sauber,1.0,MEDIUM,9,0.07355000000000253,110.94325555555554,111.05455555555555,False
season2024,Spa-Francorchamps,BOT,Kick Sauber,2.0,HARD,21,-0.016184287898393684,111.17775914383165,109.65414285714286,False
season2024,Spa-Francorchamps,BOT,Kick Sauber,3.0,MEDIUM,8,0.13765476190476597,109.3622738095238,107.891875,False
season2024,Spa-Francorchamps,GAS,Alpine,2.0,HARD,16,0.015501278772376016,110.7216118925831,109.82175,False
season2024,Spa-Francorchamps,GAS,Alpine,3.0,HARD,15,0.0740857142857128,109.47689523809527,108.10866666666666,False
season2024,Spa-Francorchamps,HAM,Mercedes,1.0,MEDIUM,9,0.08649999999999908,109.39100000000002,109.58,False
season2024,Spa-Francorchamps,HAM,Mercedes,2.0,HARD,12,0.05885425101214123,108.69121457489881,108.11833333333333,False
season2024,Spa-Francorchamps,HAM,Mercedes,3.0,HARD,17,0.06220343137254731,108.45261274509802,107.09464705882354,False
season2024,Spa-Francorchamps,HUL,Haas F1 Team,2.0,HARD,10,0.23526538108356385,109.37506887052339,110.23389999999999,False
season2024,Spa-Francorchamps,HUL,Haas F1 Team,3.0,MEDIUM,23,0.03718181818181349,110.82772332015811,109.49608695652174,False
season2024,Spa-Francorchamps,LEC,Ferrari,1.0,MEDIUM,10,0.027460606060604433,110.08700606060609,109.90800000000002,False
season2024,Spa-Francorchamps,LEC,Ferrari,2.0,HARD,10,0.09983766233766175,108.56970129870133,108.2415,False
season2024,Spa-Francorchamps,LEC,Ferrari,3.0,HARD,18,0.06362848297213408,108.67734537323703,107.39294444444444,False
season2024,Spa-Francorchamps,MAG,Haas F1 Team,1.0,MEDIUM,14,0.03521893491124174,111.45826627218935,111.28871428571428,False
season2024,Spa-Francorchamps,MAG,Haas F1 Team,2.0,HARD,26,-0.00041470085469912717,110.78466700854699,109.04615384615384,False
season2024,Spa-Francorchamps,NOR,McLaren,1.0,MEDIUM,13,0.013461538461547722,110.4298461538461,110.09753846153846,False
season2024,Spa-Francorchamps,NOR,McLaren,2.0,HARD,12,0.027888111888110065,109.02233916083915,107.99400000000001,False
season2024,Spa-Francorchamps,NOR,McLaren,3.0,HARD,14,0.1476571428571449,107.6813428571428,106.87392857142858,False
season2024,Spa-Francorchamps,OCO,Alpine,1.0,MEDIUM,10,0.09638181818182108,110.65821818181816,110.9272,False
season2024,Spa-Francorchamps,OCO,Alpine,2.0,HARD,15,-0.03067359855334434,110.68302441229658,109.17200000000001,False
season2024,Spa-Francorchamps,OCO,Alpine,3.0,HARD,13,-0.028934065934063224,110.10085714285714,107.7793846153846,False
season2024,Spa-Francorchamps,PER,Red Bull Racing,1.0,MEDIUM,9,0.05770000000000215,109.97602222222223,109.99222222222222,False
season2024,Spa-Francorchamps,PER,Red Bull Racing,3.0,HARD,19,0.08710175438596401,108.76693333333331,107.96505263157894,False
season2024,Spa-Francorchamps,PIA,McLaren,1.0,MEDIUM,9,0.0788166666666718,109.92909999999995,110.072,False
season2024,Spa-Francorchamps,PIA,McLaren,2.0,HARD,16,0.013187964841109935,109.04179986477354,108.003,False
season2024,Spa-Francorchamps,PIA,McLaren,3.0,HARD,13,0.040972527472529933,108.42860439560441,106.66638461538462,False
season2024,Spa-Francorchamps,RIC,RB,2.0,MEDIUM,10,0.07503636363636507,110.11454545454545,109.81480000000002,False
season2024,Spa-Francorchamps,RIC,RB,3.0,SOFT,22,0.026485036702428088,109.74098249576515,108.22954545454544,False
season2024,Spa-Francorchamps,RUS,Mercedes,1.0,MEDIUM,8,0.07909523809524333,110.00572619047618,110.13825,False
season2024,Spa-Francorchamps,RUS,Mercedes,2.0,HARD,32,0.002614493107233425,109.50634573624502,107.992125,False
season2024,Spa-Francorchamps,SAI,Ferrari,1.0,HARD,17,-0.0351135670731685,110.60580945121949,109.6834705882353,False
season2024,Spa-Francorchamps,SAI,Ferrari,3.0,HARD,15,0.05205714285714071,108.68375238095241,107.11726666666667,False
season2024,Spa-Francorchamps,SAR,Williams,2.0,MEDIUM,13,0.19299931647300236,110.10677511961721,110.85569230769231,False
season2024,Spa-Francorchamps,SAR,Williams,3.0,HARD,19,0.03583157894736391,110.0417473684211,108.5108947368421,False
season2024,Spa-Francorchamps,STR,Aston Martin,1.0,MEDIUM,10,0.03734545454545711,111.25845454545448,111.1437,False
season2024,Spa-Francorchamps,STR,Aston Martin,2.0,MEDIUM,30,0.013840905099230454,110.69044552426675,109.31153333333334,False
season2024,Spa-Francorchamps,TSU,RB,1.0,MEDIUM,13,0.06744505494505697,111.35105494505493,111.45061538461538,False
season2024,Spa-Francorchamps,TSU,RB,2.0,SOFT,28,-0.008988505747130301,111.17503612479483,109.3582142857143,False
season2024,Spa-Francorchamps,VER,Red Bull Racing,1.0,MEDIUM,8,0.11976190476190376,109.77930952380954,110.13550000000001,False
season2024,Spa-Francorchamps,VER,Red Bull Racing,2.0,HARD,15,0.014595477386936085,109.3506976549413,108.40473333333334,False
season2024,Spa-Francorchamps,VER,Red Bull Racing,3.0,MEDIUM,15,0.1261535714285692,107.81561785714287,106.91600000000001,False
season2024,Spielberg,ALB,Williams,1.0,MEDIUM,10,0.05809090909090853,71.66710909090911,71.6872,False
season2024,Spielberg,ALB,Williams,2.0,HARD,25,0.0974061538461534,71.86071384615386,71.79440000000001,False
season2024,Spielberg,ALB,Williams,3.0,HARD,28,0.08761825449700138,72.80003131245839,71.17342857142856,False
season2024,Spielberg,ALO,Aston Martin,1.0,MEDIUM,9,0.03566666666666716,71.65644444444446,71.64744444444445,False
season2024,Spielberg,ALO,Aston Martin,2.0,MEDIUM,22,0.09769395821569726,71.55558610954263,71.58195454545454,False
season2024,Spielberg,ALO,Aston Martin,3.0,HARD,27,0.10964714631340856,72.4327502082259,71.4532962962963,False
season2024,Spielberg,BOT,Kick Sauber,1.0,MEDIUM,17,0.0787892156862735,71.84657843137255,72.08447058823529,False
season2024,Spielberg,BOT,Kick Sauber,2.0,HARD,21,0.08696363636363588,72.3092935064935,71.64785714285715,False
season2024,Spielberg,BOT,Kick Sauber,3.0,HARD,25,0.06685726982799227,73.43446102368378,71.29568,False
season2024,Spielberg,GAS,Alpine,1.0,MEDIUM,18,0.1399845201238362,70.87877364981082,71.77111111111111,False
season2024,Spielberg,GAS,Alpine,2.0,HARD,20,0.10775563909774456,72.06866015037592,71.57534999999999,False
season2024,Spielberg,GAS,Alpine,3.0,MEDIUM,25,0.09581180292891003,72.34903520512076,70.63652,False
season2024,Spielberg,HAM,Mercedes,1.0,MEDIUM,19,0.12110701754385751,70.55755964912284,71.28473684210526,False
season2024,Spielberg,HAM,Mercedes,2.0,HARD,30,0.09813726362625012,71.12323515016689,70.68,False
season2024,Spielberg,HAM,Mercedes,3.0,MEDIUM,14,0.08094713896457424,72.67915258855588,70.01435714285715,False
season2024,Spielberg,HUL,Haas F1 Team,1.0,MEDIUM,9,0.24551666666666808,70.04334444444443,71.18644444444445,False
season2024,Spielberg,HUL,Haas F1 Team,2.0,HARD,26,0.08676273504273511,71.64182495726497,71.49738461538462,False
season2024,Spielberg,HUL,Haas F1 Team,3.0,HARD,28,0.057701399139979646,72.86912037096461,70.76753571428571,False
season2024,Spielberg,LEC,Ferrari,2.0,HARD,13,0.18570879120879444,70.08532967032964,71.076,False
season2024,Spielberg,LEC,Ferrari,3.0,MEDIUM,15,0.029007142857143033,71.89340238095241,70.77946666666666,False
season2024,Spielberg,LEC,Ferrari,4.0,MEDIUM,16,0.12370294117647115,71.49274411764705,70.454125,False
season2024,Spielberg,LEC,Ferrari,5.0,MEDIUM,17,0.0850651304713819,72.07026104797977,70.09929411764706,False
season2024,Spielberg,MAG,Haas F1 Team,1.0,MEDIUM,8,0.14327380952381322,70.78086904761905,71.26637500000001,False
season2024,Spielberg,MAG,Haas F1 Team,2.0,HARD,26,0.07652649572649456,71.9105196581197,71.67265384615385,False
season2024,Spielberg,MAG,Haas F1 Team,3.0,HARD,29,0.07955085319419132,72.56226174023409,70.87862068965518,False
season2024,Spielberg,NOR,McLaren,1.0,MEDIUM,21,0.1204636363636369,70.11696017316015,70.90252380952381,False
season2024,Spielberg,NOR,McLaren,2.0,HARD,26,0.10068341880341872,70.70274427350428,70.10015384615384,False
season2024,Spielberg,NOR,McLaren,3.0,MEDIUM,11,0.24158181818181618,70.79320000000001,69.29427272727274,False
season2024,Spielberg,OCO,Alpine,1.0,MEDIUM,17,0.1389387254901948,70.87925980392158,71.71864705882354,False
season2024,Spielberg,OCO,Alpine,2.0,HARD,22,0.1106956521739123,72.03648616600795,71.68768181818182,False
season2024,Spielberg,OCO,Alpine,3.0,MEDIUM,25,0.10850669986651712,72.42052271793817,70.83244,False
season2024,Spielberg,PER,Red Bull Racing,1.0,MEDIUM,19,0.1182842105263149,70.82361052631579,71.51973684210525,False
season2024,Spielberg,PER,Red Bull Racing,2.0,HARD,28,0.09327805145046485,71.61926163108922,71.05757142857144,False
season2024,Spielberg,PER,Red Bull Racing,3.0,MEDIUM,16,0.1205796296296285,72.03076574074075,70.51724999999999,False
season2024,Spielberg,PIA,McLaren,1.0,MEDIUM,23,0.09484486166007611,70.76879940711466,71.28678260869565,False
season2024,Spielberg,PIA,McLaren,2.0,HARD,24,0.09531913043478361,71.25969173913042,70.429,False
season2024,Spielberg,PIA,McLaren,3.0,MEDIUM,17,0.09614494309641558,71.79069207644406,69.42376470588236,False
season2024,Spielberg,RIC,RB,1.0,MEDIUM,8,0.06759523809523958,71.2924761904762,71.36175,False
season2024,Spielberg,RIC,RB,2.0,HARD,25,0.07705384615384624,71.91936615384617,71.67811999999999,False
season2024,Spielberg,RIC,RB,3.0,HARD,30,0.06583767372992087,72.73163162413373,70.88123333333333,False
season2024,Spielberg,RUS,Mercedes,1.0,MEDIUM,20,0.12293759398496497,70.2921676691729,71.07345000000001,False
season2024,Spielberg,RUS,Mercedes,2.0,MEDIUM,22,0.12802540937323317,70.72781874647094,70.43063636363637,False
season2024,Spielberg,RUS,Mercedes,3.0,HARD,22,0.06760720887245776,72.18069719374895,69.81459090909091,False
season2024,Spielberg,SAI,Ferrari,1.0,MEDIUM,20,0.1228398496240601,70.3851917293233,71.16535,False
season2024,Spielberg,SAI,Ferrari,2.0,HARD,23,0.10982608695652009,70.99513043478262,70.49786956521739,False
season2024,Spielberg,SAI,Ferrari,3.0,MEDIUM,21,0.07881475573280243,72.13922472582254,69.85247619047621,False
season2024,Spielberg,SAR,Williams,2.0,MEDIUM,17,0.17029656862744966,70.38878431372551,72.5085294117647,False
season2024,Spielberg,SAR,Williams,3.0,HARD,27,0.05374725274725179,73.22230972730975,72.10351851851853,False
season2024,Spielberg,SAR,Williams,4.0,MEDIUM,17,0.13089166845608305,73.07920292033504,71.32311764705884,False
season2024,Spielberg,STR,Aston Martin,1.0,MEDIUM,18,0.11843240454076831,71.2078606811145,71.99233333333333,False
season2024,Spielberg,STR,Aston Martin,2.0,MEDIUM,21,0.10259740259740392,72.1359264069264,71.60709523809523,False
season2024,Spielberg,STR,Aston Martin,3.0,HARD,24,0.1193443615887983,72.39226559123422,71.04475000000001,False
season2024,Spielberg,TSU,RB,1.0,MEDIUM,19,0.13029824561403414,71.1048245614035,71.93310526315788,False
season2024,Spielberg,TSU,RB,2.0,HARD,21,0.09370259740259708,72.22414025974027,71.53357142857143,False
season2024,Spielberg,TSU,RB,3.0,HARD,23,0.06787930419904246,73.29019198688246,71.04378260869565,False
season2024,Spielberg,VER,Red Bull Racing,1.0,MEDIUM,21,0.14304025974026047,69.64189783549783,70.69838095238094,False
season2024,Spielberg,VER,Red Bull Racing,2.0,HARD,26,0.1087524786324779,70.58305059829063,70.09746153846154,False
season2024,Spielberg,VER,Red Bull Racing,3.0,MEDIUM,11,0.2072636363636347,70.53036363636365,69.41300000000003,False
season2024,Spielberg,ZHO,Kick Sauber,1.0,HARD,26,0.1375401709401694,71.4926290598291,72.68946153846153,False
season2024,Spielberg,ZHO,Kick Sauber,2.0,MEDIUM,21,0.09065064935064793,72.90914458874458,71.79695238095238,False
season2024,Spielberg,ZHO,Kick Sauber,3.0,HARD,15,0.061495535714286946,73.66961160714287,70.93,False
season2024,Suzuka,ALO,Aston Martin,2.0,SOFT,9,0.2536333333333347,96.72893333333327,98.318,False
season2024,Suzuka,ALO,Aston Martin,3.0,MEDIUM,18,0.08243653250773941,97.82824974200207,97.40133333333333,False
season2024,Suzuka,ALO,Aston Martin,4.0,HARD,18,0.0567085624509019,97.49068263943441,95.69466666666666,False
season2024,Suzuka,BOT,Kick Sauber,3.0,HARD,14,0.2085076923076929,97.77432747252745,98.74914285714287,False
season2024,Suzuka,BOT,Kick Sauber,4.0,HARD,27,0.07222079650926441,98.78770968457641,97.84877777777777,False
season2024,Suzuka,GAS,Alpine,3.0,MEDIUM,14,0.10668571428571658,99.31717142857136,98.8765,False
season2024,Suzuka,GAS,Alpine,4.0,HARD,18,0.05137588373919951,99.59349018067559,97.79322222222224,False
season2024,Suzuka,HAM,Mercedes,2.0,HARD,19,0.12459649122806898,98.16736842105267,98.94752631578947,False
season2024,Suzuka,HAM,Mercedes,3.0,HARD,14,0.14567032967033006,96.89265934065929,96.39835714285717,False
season2024,Suzuka,HAM,Mercedes,4.0,MEDIUM,11,0.19803636363636393,95.6185454545454,94.95890909090909,False
season2024,Suzuka,HUL,Haas F1 Team,3.0,HARD,26,0.1210803418803401,98.33695042735044,99.0201153846154,False
season2024,Suzuka,HUL,Haas F1 Team,4.0,HARD,17,0.061723904480550006,97.94211607582476,96.19870588235295,False
season2024,Suzuka,LEC,Ferrari,2.0,MEDIUM,22,0.027345002823264377,98.56302428006778,98.1346818181818,False
season2024,Suzuka,LEC,Ferrari,3.0,HARD,25,0.015333086785008073,97.89543022682452,95.89263999999999,False
season2024,Suzuka,MAG,Haas F1 Team,2.0,MEDIUM,19,-0.49460175438596876,107.68172456140353,101.5811052631579,False
season2024,Suzuka,MAG,Haas F1 Team,3.0,HARD,27,0.07595549680139042,98.71310792071891,97.83296296296297,False
season2024,Suzuka,NOR,McLaren,3.0,HARD,13,0.17525274725275125,96.94051648351646,97.29753846153845,False
season2024,Suzuka,NOR,McLaren,4.0,HARD,25,0.02288587552048697,97.82388795748417,95.93016,False
season2024,Suzuka,OCO,Alpine,2.0,HARD,16,-0.751963235294117,110.66458823529408,102.94343749999999,False
season2024,Suzuka,OCO,Alpine,3.0,HARD,12,0.08261888111888059,99.43060839160839,98.59275000000001,False
season2024,Suzuka,OCO,Alpine,4.0,MEDIUM,17,0.005947439684885349,99.65920667159034,97.32194117647059,False
season2024,Suzuka,PER,Red Bull Racing,2.0,MEDIUM,11,0.23499090909091,96.02808181818183,97.64800000000001,False
season2024,Suzuka,PER,Red Bull Racing,3.0,MEDIUM,16,0.05930588235294157,97.82334411764703,97.03925000000001,False
season2024,Suzuka,PER,Red Bull Racing,4.0,HARD,18,0.07923586017281996,96.4371571091909,94.89144444444446,False
season2024,Suzuka,PIA,McLaren,2.0,MEDIUM,8,0.276250000000008,96.67499999999993,98.334375,False
season2024,Suzuka,PIA,McLaren,3.0,HARD,18,0.09731475748193878,97.72175060199518,97.50605555555555,False
season2024,Suzuka,PIA,McLaren,4.0,HARD,19,0.11051183478951569,96.82796822875295,95.71073684210528,False
season2024,Suzuka,RUS,Mercedes,2.0,HARD,18,0.11427554179567301,98.08833126934978,98.71499999999999,False
season2024,Suzuka,RUS,Mercedes,3.0,HARD,13,0.11742307692308195,97.18584615384609,96.47523076923078,False
season2024,Suzuka,RUS,Mercedes,4.0,MEDIUM,13,0.14397257105089012,96.27844712491742,95.24976923076923,False
season2024,Suzuka,SAI,Ferrari,2.0,MEDIUM,11,0.1678999999999978,97.06098181818187,97.90918181818182,False
season2024,Suzuka,SAI,Ferrari,3.0,MEDIUM,19,0.052333333333330935,97.8383684210527,97.03636842105263,False
season2024,Suzuka,SAI,Ferrari,4.0,HARD,15,0.10760644371941668,96.1561639477977,94.6882,False
season2024,Suzuka,SAR,Williams,2.0,HARD,19,-0.5000649122807059,107.70581929824563,101.54510526315791,False
season2024,Suzuka,SAR,Williams,3.0,HARD,10,0.01880606060605745,99.20926060606061,97.76399999999998,False
season2024,Suzuka,SAR,Williams,5.0,SOFT,10,0.21691515151515284,96.8735515151515,95.67099999999999,False
season2024,Suzuka,STR,Aston Martin,2.0,SOFT,8,-0.005523809523812783,99.46040476190475,99.012,False
season2024,Suzuka,STR,Aston Martin,3.0,MEDIUM,8,0.28320238095238626,98.2537619047619,98.848875,False
season2024,Suzuka,STR,Aston Martin,4.0,HARD,10,0.2797696969696982,97.34189696969695,97.59290000000001,False
season2024,Suzuka,STR,Aston Martin,5.0,SOFT,16,0.14791513725490088,97.6198020392157,96.696375,False
season2024,Suzuka,TSU,RB,3.0,HARD,13,0.20102747252747738,98.11393406593403,98.89715384615383,False
season2024,Suzuka,TSU,RB,4.0,HARD,27,0.04038736456754182,98.78275444662208,97.34274074074074,False
season2024,Suzuka,VER,Red Bull Racing,2.0,MEDIUM,12,0.19564685314685346,95.98460489510488,97.32075000000002,False
season2024,Suzuka,VER,Red Bull Racing,3.0,MEDIUM,16,0.1004838235294146,96.97109117647054,96.5231875,False
season2024,Suzuka,VER,Red Bull Racing,4.0,HARD,17,0.07355797636632212,96.38500036927621,94.7125882352941,False
season2024,Yas Island,ALB,Williams,1.0,MEDIUM,8,0.12798809523809898,89.98271428571427,90.530125,False
season2024,Yas Island,ALB,Williams,2.0,HARD,42,0.06621247504953989,90.40737349349756,90.00659523809524,False
season2024,Yas Island,ALO,Aston Martin,1.0,MEDIUM,9,0.33196666666666547,87.8818555555556,90.42955555555555,False
season2024,Yas Island,ALO,Aston Martin,2.0,HARD,21,0.06409041322313755,90.42060831955928,89.88138095238097,False
season2024,Yas Island,ALO,Aston Martin,3.0,HARD,19,0.031082841823054274,90.7012120643432,88.43294736842104,False
season2024,Yas Island,BOT,Kick Sauber,2.0,HARD,22,0.12642179559570918,89.61722755505366,90.18,False
season2024,Yas Island,COL,Williams,2.0,HARD,21,0.07431168831168916,90.38687878787877,90.45361904761904,False
season2024,Yas Island,DOO,Alpine,1.0,MEDIUM,18,0.0938740970072213,90.41879600963195,90.90472222222223,False
season2024,Yas Island,DOO,Alpine,2.0,HARD,31,0.04927700783545488,91.3617126346719,90.04980645161291,False
season2024,Yas Island,GAS,Alpine,1.0,MEDIUM,10,0.12883030303030257,89.24084242424239,89.8684,False
season2024,Yas Island,GAS,Alpine,2.0,HARD,40,0.04854717619208607,90.66256070341562,89.745275,False
season2024,Yas Island,HAM,Mercedes,1.0,HARD,29,0.028152339229623916,90.41986807736816,89.93475862068966,False
season2024,Yas Island,HAM,Mercedes,2.0,MEDIUM,21,0.03298701298701396,89.79412121212118,87.69295238095239,False
season2024,Yas Island,HUL,Haas F1 Team,1.0,MEDIUM,9,0.24691666666666687,88.61399999999999,90.14933333333335,False
season2024,Yas Island,HUL,Haas F1 Team,2.0,HARD,41,0.05389831867563113,90.44688062597007,89.70621951219512,False
season2024,Yas Island,LAW,RB,1.0,MEDIUM,19,0.0998035087719314,90.085396491228,90.66784210526313,False
season2024,Yas Island,LAW,RB,4.0,HARD,25,0.04147076923076982,90.92386461538459,89.38828000000001,False
season2024,Yas Island,LEC,Ferrari,1.0,MEDIUM,16,0.06542499999999837,89.65380000000005,89.7736875,False
season2024,Yas Island,LEC,Ferrari,2.0,HARD,33,0.024605990987794642,90.24974975163215,88.55660606060606,False
season2024,Yas Island,MAG,Haas F1 Team,1.0,MEDIUM,8,0.2837619047619091,88.7837857142857,90.49950000000001,False
season2024,Yas Island,MAG,Haas F1 Team,2.0,HARD,15,0.1063928571428547,90.41559761904762,90.21813333333333,False
season2024,Yas Island,MAG,Haas F1 Team,4.0,SOFT,23,0.1635138339920911,89.84658102766797,89.6072608695652,False
season2024,Yas Island,NOR,McLaren,1.0,MEDIUM,22,0.0641264822134386,89.00225691699609,89.1345909090909,False
season2024,Yas Island,NOR,McLaren,2.0,HARD,29,0.040267080542395306,89.68672863911124,88.00779310344826,False
season2024,Yas Island,PIA,McLaren,2.0,HARD,25,0.08327409129332072,89.55099175824175,89.72795999999998,False
season2024,Yas Island,PIA,McLaren,3.0,HARD,24,0.037552901508427085,90.31942945874002,88.32316666666667,False
season2024,Yas Island,RUS,Mercedes,1.0,MEDIUM,22,0.06854884246188488,89.67012930547718,89.93513636363636,False
season2024,Yas Island,RUS,Mercedes,2.0,HARD,27,0.05294049993633936,89.94203972329503,88.47733333333335,False
season2024,Yas Island,SAI,Ferrari,1.0,MEDIUM,21,0.055699999999999444,89.17105714285715,89.18085714285715,False
season2024,Yas Island,SAI,Ferrari,2.0,HARD,30,0.044665204036857434,89.75258095655992,88.19810000000001,False
season2024,Yas Island,STR,Aston Martin,2.0,HARD,18,0.07883790358248402,90.47431755860242,90.19977777777778,False
season2024,Yas Island,STR,Aston Martin,3.0,HARD,23,0.07164130434782406,90.79727173913045,89.25360869565218,False
season2024,Yas Island,TSU,RB,1.0,MEDIUM,18,0.12493085655314608,89.98114207086343,90.85527777777777,False
season2024,Yas Island,TSU,RB,2.0,HARD,32,0.06481428756868937,90.78815085889838,89.757875,False
season2024,Yas Island,VER,Red Bull Racing,1.0,MEDIUM,25,0.06493538461538396,89.78099384615385,89.93996000000001,False
season2024,Yas Island,VER,Red Bull Racing,2.0,HARD,27,0.03715037593985027,90.10836842105265,88.24496296296296,False
season2024,Yas Island,ZHO,Kick Sauber,1.0,MEDIUM,8,0.14397619047619423,89.69917857142856,90.3665,False
season2024,Yas Island,ZHO,Kick Sauber,2.0,HARD,24,0.04525168831168996,90.8617683116883,90.06691666666666,False
season2024,Yas Island,ZHO,Kick Sauber,3.0,HARD,15,0.04490714285714028,90.87250238095243,88.63666666666667,False
season2024,Zandvoort,ALB,Williams,1.0,MEDIUM,10,-0.0650727272727263,78.45747272727272,77.67699999999999,False
season2024,Zandvoort,ALB,Williams,2.0,HARD,40,0.06150159474671584,77.2626407129456,76.742425,False
season2024,Zandvoort,ALB,Williams,3.0,MEDIUM,16,0.002145588235294954,78.54055441176467,75.0684375,False
season2024,Zandvoort,ALO,Aston Martin,1.0,MEDIUM,29,0.061529064039407666,77.22408669950738,77.32855172413794,False
season2024,Zandvoort,ALO,Aston Martin,2.0,HARD,39,0.040703643724697265,77.74919784075568,75.74397435897436,False
season2024,Zandvoort,BOT,Kick Sauber,1.0,SOFT,13,0.0604175824175852,77.62396703296702,77.66730769230769,False
season2024,Zandvoort,BOT,Kick Sauber,2.0,HARD,26,0.11099897435897405,77.13989948717948,77.12688461538461,False
season2024,Zandvoort,BOT,Kick Sauber,3.0,MEDIUM,26,0.05238803418803392,78.97641196581199,76.57353846153846,False
season2024,Zandvoort,GAS,Alpine,1.0,MEDIUM,30,0.07551590656284801,76.87098754171303,77.2095,False
season2024,Zandvoort,GAS,Alpine,2.0,HARD,38,0.032484188642083384,77.8851530802057,75.66357894736844,False
season2024,Zandvoort,HAM,Mercedes,1.0,SOFT,21,0.05180909090909069,77.08610043290042,77.04780952380953,False
season2024,Zandvoort,HAM,Mercedes,2.0,HARD,23,0.027297430830037175,76.91448122529646,75.28934782608695,False
season2024,Zandvoort,HAM,Mercedes,3.0,SOFT,23,0.09981126482213207,76.46488833992098,74.40743478260869,False
season2024,Zandvoort,HUL,Haas F1 Team,1.0,MEDIUM,12,0.12247902097901914,76.83582400932403,77.34191666666665,False
season2024,Zandvoort,HUL,Haas F1 Team,2.0,HARD,56,0.05069535201640373,77.21223711551609,76.31524999999999,False
season2024,Zandvoort,LEC,Ferrari,1.0,MEDIUM,22,0.05187125917560555,76.56297289666858,76.52386363636364,False
season2024,Zandvoort,LEC,Ferrari,2.0,HARD,47,0.042163968547641706,76.76696461609616,75.12606382978723,False
season2024,Zandvoort,MAG,Haas F1 Team,1.0,HARD,38,0.04484385600175056,77.72633253091145,77.51813157894738,False
season2024,Zandvoort,MAG,Haas F1 Team,2.0,MEDIUM,30,0.09108298109009967,78.12593081201338,76.52130000000002,False
season2024,Zandvoort,NOR,McLaren,1.0,MEDIUM,26,0.02688923076922864,76.4966061538462,76.089,False
season2024,Zandvoort,NOR,McLaren,2.0,HARD,43,0.05807263666566,76.16551540320144,74.69618604651163,False
season2024,Zandvoort,OCO,Alpine,1.0,MEDIUM,28,0.057003831417622546,77.74779775588398,77.77885714285715,False
season2024,Zandvoort,OCO,Alpine,2.0,HARD,40,0.06455581613508397,77.68612495309567,76.241575,False
season2024,Zandvoort,PER,Red Bull Racing,1.0,MEDIUM,27,0.05461416361416398,76.63275050875049,76.62696296296296,False
season2024,Zandvoort,PER,Red Bull Racing,2.0,HARD,42,0.053419252896846965,76.76109061934473,75.13052380952381,False
season2024,Zandvoort,PIA,McLaren,1.0,MEDIUM,31,0.04205362903225931,76.6725399193548,76.4524516129032,False
season2024,Zandvoort,PIA,McLaren,2.0,HARD,38,0.06860050333734484,76.43426862895282,74.89807894736842,False
season2024,Zandvoort,RIC,RB,1.0,MEDIUM,27,0.03702442002442003,77.75337444037443,77.48374074074073,False
season2024,Zandvoort,RIC,RB,2.0,HARD,41,0.04074233449477436,77.73866864111497,75.83,False
season2024,Zandvoort,RUS,Mercedes,1.0,MEDIUM,23,0.06295059288537266,76.44294664031625,76.5463043478261,False
season2024,Zandvoort,RUS,Mercedes,2.0,HARD,27,0.03441575091574998,77.10398595848595,75.42022222222222,False
season2024,Zandvoort,RUS,Mercedes,3.0,SOFT,17,0.07803431372548822,76.87008333333334,74.3645294117647,False
season2024,Zandvoort,SAI,Ferrari,1.0,MEDIUM,28,0.036027914614120526,76.94106732348112,76.647,False
season2024,Zandvoort,SAI,Ferrari,2.0,HARD,41,0.05150331010452994,76.64095156794421,74.9140243902439,False
season2024,Zandvoort,SAR,Williams,1.0,MEDIUM,20,0.048041353383458635,77.98317443609024,77.90315000000001,False
season2024,Zandvoort,SAR,Williams,2.0,HARD,48,0.06580400564481116,77.67060202272398,76.73610416666666,False
season2024,Zandvoort,STR,Aston Martin,1.0,MEDIUM,28,0.0743357963875194,77.16333087027914,77.46303571428571,False
season2024,Zandvoort,STR,Aston Martin,2.0,HARD,40,0.04782739212007371,77.7007610694184,75.89655,False
season2024,Zandvoort,TSU,RB,1.0,SOFT,12,0.056601398601397034,77.38148951048952,77.3935,False
season2024,Zandvoort,TSU,RB,2.0,MEDIUM,16,0.1563941176470612,76.55925588235287,76.7525,False
season2024,Zandvoort,TSU,RB,3.0,HARD,38,0.0691677426414275,78.15985074953494,76.6902894736842,False
season2024,Zandvoort,VER,Red Bull Racing,1.0,MEDIUM,25,0.06831769230769207,76.18103230769229,76.36748,False
season2024,Zandvoort,VER,Red Bull Racing,2.0,HARD,44,0.060707892882311806,76.46106906272021,75.11020454545455,False
season2024,Zandvoort,ZHO,Kick Sauber,1.0,MEDIUM,16,0.025582352941177354,78.4988426470588,78.21937499999999,False
season2024,Zandvoort,ZHO,Kick Sauber,2.0,HARD,31,0.109539112903226,77.66625443548385,77.60341935483869,False
season2024,Zandvoort,ZHO,Kick Sauber,3.0,SOFT,18,0.07792260061919382,78.96053491572067,76.39622222222222,False
season2025,Austin,ALB,Williams,2.0,MEDIUM,26,0.06274248062015546,100.92605162790692,100.6536153846154,False
season2025,Austin,ALB,Williams,3.0,SOFT,19,0.0821070175438589,100.88887543859649,99.20705263157895,False
season2025,Austin,ALO,Aston Martin,1.0,MEDIUM,25,0.03781876327232477,101.33469526746885,101.08867999999998,False
season2025,Austin,ALO,Aston Martin,2.0,SOFT,24,-0.005917421602788698,102.11918675958188,99.57320833333334,False
season2025,Austin,ANT,Mercedes,1.0,MEDIUM,26,0.0656113263720146,100.46450701604608,100.64530769230768,False
season2025,Austin,ANT,Mercedes,2.0,SOFT,23,0.0505963703579219,100.85810502436567,99.24343478260869,False
season2025,Austin,BEA,Haas F1 Team,1.0,MEDIUM,25,0.041499191020327474,101.06607336434422,100.84304,False
season2025,Austin,BEA,Haas F1 Team,2.0,SOFT,24,0.03988975609756097,101.45950341463413,99.71133333333334,False
season2025,Austin,BOR,Kick Sauber,1.0,SOFT,9,-0.04304285714285799,102.35366190476192,101.60199999999999,False
season2025,Austin,BOR,Kick Sauber,2.0,MEDIUM,19,0.12955388739946339,100.78466756032172,100.83868421052631,False
season2025,Austin,BOR,Kick Sauber,3.0,SOFT,18,0.17286377708978165,100.52176367389059,99.77933333333333,False
season2025,Austin,COL,Alpine,1.0,MEDIUM,27,0.03638275625642627,102.0420582790538,101.71522222222222,False
season2025,Austin,COL,Alpine,2.0,SOFT,21,0.08796883116883131,101.19251515151518,100.03704761904763,False
season2025,Austin,GAS,Alpine,1.0,MEDIUM,22,0.03800594831397371,101.82463831839554,101.5705,False
season2025,Austin,GAS,Alpine,2.0,SOFT,26,0.1178385217816935,100.92114096916302,100.63373076923077,False
season2025,Austin,HAD,Racing Bulls,1.0,HARD,23,0.014059341186138443,102.47377715381452,101.84008695652176,False
season2025,Austin,HAD,Racing Bulls,2.0,SOFT,26,0.03294940719289101,101.73862255884755,99.86023076923077,False
season2025,Austin,HAM,Ferrari,1.0,MEDIUM,25,0.05570317678250047,100.2829928510558,100.29520000000001,False
season2025,Austin,HAM,Ferrari,2.0,SOFT,22,0.11732329542681554,99.60924047049637,99.03690909090909,False
season2025,Austin,HUL,Kick Sauber,1.0,MEDIUM,28,0.030686572132348603,101.1449498036083,100.70557142857145,False
season2025,Austin,HUL,Kick Sauber,2.0,SOFT,22,0.011046866177300442,101.71940993788823,99.38813636363635,False
season2025,Austin,LAW,Racing Bulls,1.0,MEDIUM,25,0.024855116796443706,101.73187347052274,101.23388000000001,False
season2025,Austin,LAW,Racing Bulls,2.0,SOFT,24,0.0208767247386773,101.74281888501736,99.60087500000002,False
season2025,Austin,LEC,Ferrari,1.0,SOFT,16,0.0665232758620678,100.00945172413796,100.3530625,False
season2025,Austin,LEC,Ferrari,2.0,MEDIUM,32,0.059261465038610774,100.13094027539266,98.99831250000001,False
season2025,Austin,NOR,McLaren,1.0,MEDIUM,26,0.03105180611299746,100.43934269836366,100.01103846153848,False
season2025,Austin,NOR,McLaren,2.0,SOFT,22,0.04895351632939362,99.99672250050088,98.4490909090909,False
season2025,Austin,OCO,Haas F1 Team,1.0,HARD,19,0.0009112237998660956,102.57234469235968,101.84926315789474,False
season2025,Austin,OCO,Haas F1 Team,2.0,MEDIUM,30,0.06555089803927022,100.90117285712324,99.76299999999999,False
season2025,Austin,PIA,McLaren,1.0,MEDIUM,24,0.0548241794310734,100.44375131291024,100.44079166666666,False
season2025,Austin,PIA,McLaren,2.0,SOFT,24,0.032186759581881365,100.79541393728222,98.91308333333335,False
season2025,Austin,RUS,Mercedes,1.0,MEDIUM,28,0.045820018640570934,100.69635966313828,100.53046428571427,False
season2025,Austin,RUS,Mercedes,2.0,SOFT,22,0.06507001693958292,100.33509655561829,98.84118181818184,False
season2025,Austin,STR,Aston Martin,1.0,SOFT,23,0.012347931790165665,101.99017983837828,101.33000000000001,False
season2025,Austin,STR,Aston Martin,2.0,MEDIUM,26,0.03144677111952736,101.50000470285389,99.63000000000001,False
season2025,Austin,TSU,Red Bull Racing,1.0,MEDIUM,24,0.056396478873240494,100.69386467136145,100.71620833333333,False
season2025,Austin,TSU,Red Bull Racing,2.0,SOFT,25,0.02731911971007702,101.42417149871406,99.41728,False
season2025,Austin,VER,Red Bull Racing,1.0,MEDIUM,27,0.058571089621453985,99.71278401696806,99.77851851851852,False
season2025,Austin,VER,Red Bull Racing,2.0,SOFT,21,0.04962337662337638,100.26988744588746,98.48423809523811,False
season2025,Baku,ALB,Williams,2.0,MEDIUM,9,-0.4749794117647069,113.5385970588235,108.83155555555555,False
season2025,Baku,ALB,Williams,3.0,HARD,33,0.011937165775400223,107.24246880570412,105.55621212121213,False
season2025,Baku,ALO,Aston Martin,1.0,MEDIUM,13,-0.18372388059701716,111.22373880597024,107.77115384615384,False
season2025,Baku,ALO,Aston Martin,2.0,HARD,29,0.0025876847290627093,108.01697635467978,106.02337931034481,False
season2025,Baku,ANT,Mercedes,1.0,MEDIUM,11,-0.14173842917251211,109.81231697054697,106.97527272727274,False
season2025,Baku,ANT,Mercedes,2.0,HARD,32,0.008784640762461512,106.79655003665692,104.99778125,False
season2025,Baku,BEA,Haas F1 Team,1.0,HARD,20,-0.10021045228305557,110.55268037221381,108.02275,False
season2025,Baku,BEA,Haas F1 Team,2.0,MEDIUM,22,0.057198193111235265,106.49184076792773,104.97931818181819,False
season2025,Baku,BOR,Kick Sauber,1.0,HARD,18,-0.08849939831528582,109.60718531889292,107.43077777777779,False
season2025,Baku,BOR,Kick Sauber,2.0,MEDIUM,24,0.025726521739130512,107.46680405797103,105.71879166666668,False
season2025,Baku,COL,Alpine,1.0,MEDIUM,10,-0.24098401598401853,111.64063536463537,108.59200000000001,False
season2025,Baku,COL,Alpine,2.0,HARD,32,0.04759622434017595,107.72993859970671,106.71296874999999,False
season2025,Baku,GAS,Alpine,1.0,HARD,27,-0.04885541974911706,110.04720344162116,107.95855555555553,False
season2025,Baku,GAS,Alpine,2.0,MEDIUM,14,0.10618901098900983,107.74510769230764,106.25521428571426,False
season2025,Baku,HAD,Racing Bulls,1.0,MEDIUM,21,-0.07861609319967663,109.77027851530754,107.20342857142857,False
season2025,Baku,HAD,Racing Bulls,2.0,HARD,21,0.006437662337663458,106.70959610389606,104.53828571428572,False
season2025,Baku,HAM,Ferrari,1.0,HARD,28,-0.04499087785067156,108.59009740706026,106.52600000000002,False
season2025,Baku,HAM,Ferrari,2.0,MEDIUM,14,0.14912967032967211,105.69796923076917,104.51807142857142,False
season2025,Baku,HUL,Kick Sauber,1.0,HARD,28,-0.032345548266167756,109.4925259606373,107.6894642857143,False
season2025,Baku,HUL,Kick Sauber,2.0,MEDIUM,14,0.03681098901099339,106.89132087912081,104.7567142857143,False
season2025,Baku,LAW,Racing Bulls,1.0,MEDIUM,11,-0.09900911640953898,109.18706241234223,106.9269090909091,False
season2025,Baku,LAW,Racing Bulls,2.0,HARD,30,0.006650500556175331,107.19554957360023,105.30443333333332,False
season2025,Baku,LEC,Ferrari,1.0,MEDIUM,11,-0.21346774193548565,110.73964516129037,107.19490909090909,False
season2025,Baku,LEC,Ferrari,2.0,HARD,31,0.022907661290323064,106.92124717741932,105.33067741935484,False
season2025,Baku,NOR,McLaren,1.0,MEDIUM,29,-0.04550993005074802,108.3550033465917,106.22696551724134,False
season2025,Baku,NOR,McLaren,2.0,HARD,13,0.03659340659341116,106.99986813186808,104.8176153846154,False
season2025,Baku,OCO,Haas F1 Team,3.0,HARD,44,-0.029583582174934384,109.50426831989017,107.08477272727269,False
season2025,Baku,RUS,Mercedes,1.0,HARD,30,-0.03981016873889958,107.94646043516879,105.82903333333333,False
season2025,Baku,RUS,Mercedes,2.0,MEDIUM,11,0.09967272727272526,105.42007272727272,104.18581818181819,False
season2025,Baku,SAI,Williams,1.0,MEDIUM,18,-0.02466264722378145,107.75623219293325,106.39372222222224,False
season2025,Baku,SAI,Williams,2.0,HARD,23,0.007894268774700418,106.86311363636366,104.76573913043478,False
season2025,Baku,STR,Aston Martin,1.0,MEDIUM,29,-0.039417857632698915,109.71341097243179,107.59610344827587,False
season2025,Baku,STR,Aston Martin,2.0,HARD,13,0.11309340659340895,107.32617582417583,105.75592307692308,False
season2025,Baku,TSU,Red Bull Racing,1.0,HARD,29,-0.03768723185387825,108.17480450109136,106.15486206896551,False
season2025,Baku,TSU,Red Bull Racing,2.0,MEDIUM,12,0.04229020979020793,106.76049883449882,104.82891666666666,False
season2025,Baku,VER,Red Bull Racing,1.0,HARD,32,-0.011549870521611329,106.99321112091289,105.48128125,False
season2025,Baku,VER,Red Bull Racing,2.0,MEDIUM,10,0.15614545454545506,104.80427272727268,103.88629999999998,False
season2025,Barcelona,ALB,Williams,2.0,SOFT,18,0.2082291021671807,80.71003887168904,81.98894444444444,False
season2025,Barcelona,ALO,Aston Martin,1.0,SOFT,13,0.32861538461538575,80.25153846153846,83.09769230769231,False
season2025,Barcelona,ALO,Aston Martin,2.0,MEDIUM,25,0.09026307692307659,81.83301384615379,81.59196,False
season2025,Barcelona,ALO,Aston Martin,3.0,SOFT,10,0.2566848484848536,80.58619393939385,80.35719999999999,False
season2025,Barcelona,ANT,Mercedes,1.0,SOFT,19,0.09855087719298213,81.17039298245615,81.94510526315788,False
season2025,Barcelona,ANT,Mercedes,2.0,MEDIUM,26,0.05706803418803321,81.85705196581199,80.73203846153848,False
season2025,Barcelona,BEA,Haas F1 Team,2.0,MEDIUM,25,0.061167692307692846,82.45285230769232,82.0992,False
season2025,Barcelona,BEA,Haas F1 Team,3.0,MEDIUM,17,0.10323284313725314,82.52237745098041,81.07970588235294,False
season2025,Barcelona,BOR,Kick Sauber,1.0,SOFT,17,0.1374485294117633,81.77063970588236,83.0074705882353,False
season2025,Barcelona,BOR,Kick Sauber,2.0,MEDIUM,28,0.08657662835248857,82.19745511767927,81.64189285714285,False
season2025,Barcelona,BOR,Kick Sauber,3.0,SOFT,9,0.14096478873239293,81.50704225352113,79.72899999999998,False
season2025,Barcelona,COL,Alpine,1.0,SOFT,12,0.06140559440559309,82.95995804195806,83.008,False
season2025,Barcelona,COL,Alpine,2.0,MEDIUM,23,0.1307974308300377,82.73950296442688,82.9548695652174,False
season2025,Barcelona,COL,Alpine,3.0,SOFT,12,0.03444405594405402,82.87175291375291,80.57258333333334,False
season2025,Barcelona,GAS,Alpine,1.0,SOFT,8,0.04778571428572282,81.94835714285706,82.00425,False
season2025,Barcelona,GAS,Alpine,2.0,SOFT,19,0.09826140350877186,81.9857087719298,82.20636842105262,False
season2025,Barcelona,GAS,Alpine,3.0,MEDIUM,21,0.009540259740260773,83.48780259740258,81.23728571428572,False
season2025,Barcelona,HAD,Racing Bulls,1.0,SOFT,17,0.08024999999999799,81.68880882352943,82.18205882352942,False
season2025,Barcelona,HAD,Racing Bulls,2.0,MEDIUM,27,0.053063492063491986,82.11341798941798,81.03937037037039,False
season2025,Barcelona,HAM,Ferrari,1.0,SOFT,14,0.14798461538461485,80.42367692307693,81.658,False
season2025,Barcelona,HAM,Ferrari,2.0,MEDIUM,28,0.06497318007662853,81.33748713738366,80.61207142857143,False
season2025,Barcelona,HUL,Kick Sauber,2.0,MEDIUM,34,0.030969747899159118,82.66003025210081,81.7204705882353,False
season2025,Barcelona,LAW,Racing Bulls,1.0,SOFT,16,0.017719117647058524,82.85623088235292,82.5020625,False
season2025,Barcelona,LAW,Racing Bulls,2.0,MEDIUM,24,0.03218391304347681,82.83605884057972,81.53804166666667,False
season2025,Barcelona,LAW,Racing Bulls,3.0,SOFT,14,0.03304306220095796,82.97187559808616,80.39850000000001,False
season2025,Barcelona,LEC,Ferrari,1.0,SOFT,15,0.08491071428571369,80.96649285714288,81.3206,False
season2025,Barcelona,LEC,Ferrari,2.0,MEDIUM,21,0.09740779220779008,80.67415411255412,80.24804761904763,False
season2025,Barcelona,LEC,Ferrari,3.0,MEDIUM,13,0.09270879120879542,81.51302197802194,79.6146923076923,False
season2025,Barcelona,NOR,McLaren,1.0,SOFT,19,0.07320877192982421,80.69449298245614,80.89478947368423,False
season2025,Barcelona,NOR,McLaren,2.0,MEDIUM,25,0.06186769230769163,81.01301230769232,79.95415999999999,False
season2025,Barcelona,OCO,Haas F1 Team,1.0,SOFT,18,0.11319504643962557,82.4554520123839,83.06649999999999,False
season2025,Barcelona,OCO,Haas F1 Team,2.0,MEDIUM,21,0.118537662337662,81.96492900432902,81.62738095238095,False
season2025,Barcelona,OCO,Haas F1 Team,3.0,MEDIUM,15,0.13730297219558885,81.74235826142537,80.34853333333334,False
season2025,Barcelona,PIA,McLaren,1.0,SOFT,20,0.09855563909774527,80.24276015037591,80.74365,False
season2025,Barcelona,PIA,McLaren,2.0,MEDIUM,25,0.03861230769230738,81.33842769230769,79.899,False
season2025,Barcelona,RUS,Mercedes,1.0,SOFT,18,0.10281424148606999,80.92939662882694,81.73988888888887,False
season2025,Barcelona,RUS,Mercedes,2.0,MEDIUM,19,0.10284210526315503,80.94447368421054,80.37073684210527,False
season2025,Barcelona,RUS,Mercedes,3.0,SOFT,12,0.11494755244755173,81.03664335664337,79.23125,False
season2025,Barcelona,SAI,Williams,2.0,SOFT,23,0.08908399209485891,81.85186462450595,81.79995652173912,False
season2025,Barcelona,SAI,Williams,3.0,MEDIUM,18,0.02613828689370538,82.9436590987272,80.77061111111111,False
season2025,Barcelona,TSU,Red Bull Racing,2.0,SOFT,14,0.20690989010989086,80.96912307692303,81.82035714285715,False
season2025,Barcelona,TSU,Red Bull Racing,3.0,SOFT,18,0.1588121775025769,81.39419435844513,81.16422222222222,False
season2025,Barcelona,TSU,Red Bull Racing,4.0,SOFT,8,0.21000000000000504,81.056,79.48849999999999,False
season2025,Barcelona,VER,Red Bull Racing,1.0,SOFT,11,0.15610909090909145,79.76154545454541,80.93763636363637,False
season2025,Barcelona,VER,Red Bull Racing,2.0,SOFT,14,0.12258241758241885,80.17097802197796,80.03042857142857,False
season2025,Barcelona,VER,Red Bull Racing,3.0,MEDIUM,16,0.18842794117647432,79.7733720588235,79.44593749999999,False
season2025,Budapest,ALB,Williams,1.0,SOFT,12,-0.04547552447552608,84.62873310023312,83.87516666666666,False
season2025,Budapest,ALB,Williams,2.0,MEDIUM,22,0.1484370412196498,82.54917334839075,82.94713636363636,False
season2025,Budapest,ALB,Williams,3.0,HARD,30,0.07760200222469374,83.66946696329256,81.95239999999998,False
season2025,Budapest,ALO,Aston Martin,1.0,MEDIUM,37,0.04106922712185875,83.28935704125179,83.05181081081079,False
season2025,Budapest,ALO,Aston Martin,2.0,HARD,30,0.008668075639601331,83.89000867630696,80.9892,False
season2025,Budapest,ANT,Mercedes,1.0,MEDIUM,19,0.01506842105263113,84.17682631578948,83.73757894736842,False
season2025,Budapest,ANT,Mercedes,2.0,HARD,47,0.026449121184089274,83.86645282146158,81.99768085106382,False
season2025,Budapest,BEA,Haas F1 Team,1.0,MEDIUM,28,0.060717843459220454,83.72105199781065,83.80967857142858,False
season2025,Budapest,BEA,Haas F1 Team,2.0,HARD,16,0.12923529411764678,83.67363970588232,82.72887499999999,False
season2025,Budapest,BOR,Kick Sauber,1.0,MEDIUM,38,0.032411095305832686,83.64786201991463,83.18478947368422,False
season2025,Budapest,BOR,Kick Sauber,2.0,HARD,29,0.048293596059112695,83.34892315270935,81.04162068965519,False
season2025,Budapest,COL,Alpine,1.0,MEDIUM,11,-0.07623636363636316,84.88329090909093,83.96463636363637,False
season2025,Budapest,COL,Alpine,2.0,HARD,20,0.16393007518797278,81.9549541353383,82.49264999999998,False
season2025,Budapest,COL,Alpine,3.0,HARD,33,0.040014705882354736,84.34667468805702,82.15193939393939,False
season2025,Budapest,GAS,Alpine,1.0,HARD,30,0.051443604004448244,83.85194720059329,83.7932666666667,False
season2025,Budapest,GAS,Alpine,2.0,MEDIUM,36,0.0969727155727157,83.44797649077647,82.50644444444444,False
season2025,Budapest,HAD,Racing Bulls,1.0,MEDIUM,31,0.05565927419354879,83.79205040322579,83.80325806451614,False
season2025,Budapest,HAD,Racing Bulls,2.0,HARD,35,0.05895910364145673,83.25866274509805,81.51888571428572,False
season2025,Budapest,HAM,Ferrari,1.0,HARD,40,0.020928048780486985,84.23907195121951,83.506525,False
season2025,Budapest,HAM,Ferrari,2.0,MEDIUM,26,0.12161162393162366,82.4327083760684,81.08857692307691,False
season2025,Budapest,HUL,Kick Sauber,2.0,MEDIUM,34,0.08451260504201599,82.65836974789917,82.92935294117648,False
season2025,Budapest,HUL,Kick Sauber,3.0,MEDIUM,27,0.05752686202686232,83.73439336589335,81.5172962962963,False
season2025,Budapest,LAW,Racing Bulls,1.0,MEDIUM,38,0.02859940912572526,83.85508053397525,83.31386842105262,False
season2025,Budapest,LAW,Racing Bulls,2.0,HARD,29,0.04926354679802862,83.20730049261083,80.91551724137932,False
season2025,Budapest,LEC,Ferrari,1.0,MEDIUM,17,0.03686029411764628,82.33816176470586,82.15676470588237,False
season2025,Budapest,LEC,Ferrari,2.0,HARD,19,0.07802280701754252,82.11506491228073,81.32331578947368,False
season2025,Budapest,LEC,Ferrari,3.0,HARD,29,0.1285197044334974,82.53923645320195,81.51555172413794,False
season2025,Budapest,NOR,McLaren,1.0,MEDIUM,29,0.031109359605910547,82.66583645320193,82.28358620689653,False
season2025,Budapest,NOR,McLaren,2.0,HARD,38,0.046576430681694286,82.34060674034357,80.5095,False
season2025,Budapest,OCO,Haas F1 Team,1.0,MEDIUM,12,-0.049856643356644366,84.64917482517484,83.86275,False
season2025,Budapest,OCO,Haas F1 Team,2.0,HARD,54,0.061014446350295445,83.49027346420178,82.89168518518517,False
season2025,Budapest,PIA,McLaren,1.0,MEDIUM,16,-0.013304411764702428,82.91332941176466,82.2644375,False
season2025,Budapest,PIA,McLaren,2.0,HARD,25,0.06421999999999958,82.13593999999998,81.33924,False
season2025,Budapest,PIA,McLaren,3.0,HARD,24,0.1005973913043482,81.80651855072463,79.94708333333334,False
season2025,Budapest,RUS,Mercedes,1.0,MEDIUM,17,-0.00921568627451318,83.10339215686277,82.46123529411766,False
season2025,Budapest,RUS,Mercedes,2.0,HARD,22,0.06318407679277267,82.43851722190855,81.49581818181818,False
season2025,Budapest,RUS,Mercedes,3.0,HARD,26,0.09727863247863267,82.23561367521367,80.48365384615384,False
season2025,Budapest,SAI,Williams,1.0,SOFT,13,-0.02492857142856735,84.41912087912084,83.77969230769229,False
season2025,Budapest,SAI,Williams,2.0,HARD,34,0.07262291825821224,83.43491718869363,82.93594117647059,False
season2025,Budapest,SAI,Williams,3.0,MEDIUM,17,0.10686029411764389,83.54380882352945,81.25741176470589,False
season2025,Budapest,STR,Aston Martin,1.0,MEDIUM,34,0.035695034377387774,83.68388800611152,83.3624411764706,False
season2025,Budapest,STR,Aston Martin,2.0,HARD,33,0.03109324866310178,83.5215616087344,81.14233333333334,False
season2025,Budapest,TSU,Red Bull Racing,1.0,MEDIUM,18,-0.00197110423116934,84.47614103887172,83.87794444444444,False
season2025,Budapest,TSU,Red Bull Racing,2.0,SOFT,15,0.2118178571428548,82.24037261904763,82.55173333333333,False
season2025,Budapest,TSU,Red Bull Racing,3.0,HARD,31,0.07336129032258173,83.90059999999997,82.17774193548387,False
season2025,Budapest,VER,Red Bull Racing,1.0,MEDIUM,15,-0.004732142857144714,83.93092261904765,83.39333333333336,False
season2025,Budapest,VER,Red Bull Racing,2.0,HARD,29,0.015419704433496792,83.87883645320198,82.31055172413794,False
season2025,Budapest,VER,Red Bull Racing,3.0,HARD,21,0.14532857142856906,82.33410476190478,80.77804761904763,False
season2025,Imola,ALB,Williams,1.0,MEDIUM,27,0.06063064713064785,81.94613288563286,82.0305925925926,False
season2025,Imola,ALB,Williams,2.0,HARD,13,0.05025824175824096,82.31706043956044,80.6793846153846,False
season2025,Imola,ALB,Williams,3.0,HARD,10,0.05508484848484914,82.49902424242423,79.91499999999999,False
season2025,Imola,ALO,Aston Martin,1.0,MEDIUM,10,0.22974545454545567,80.27381818181817,82.09889999999999,False
season2025,Imola,ALO,Aston Martin,2.0,HARD,27,0.06448953498817393,82.71974315058236,82.28485185185185,False
season2025,Imola,ALO,Aston Martin,3.0,MEDIUM,10,-0.11809090909090886,85.69559999999998,80.52959999999999,False
season2025,Imola,ANT,Mercedes,1.0,HARD,27,0.0750610500610485,81.99871387871389,82.29962962962964,False
season2025,Imola,ANT,Mercedes,2.0,MEDIUM,13,0.007934065934066741,83.15520879120878,81.1366153846154,False
season2025,Imola,BEA,Haas F1 Team,1.0,HARD,26,0.04940102564102424,82.64091589743593,82.55973076923077,False
season2025,Imola,BEA,Haas F1 Team,3.0,HARD,22,0.08889286456071493,81.66123201978813,80.51854545454547,False
season2025,Imola,BOR,Kick Sauber,1.0,MEDIUM,10,0.06713939393939597,82.16959393939392,82.2485,False
season2025,Imola,BOR,Kick Sauber,2.0,HARD,14,0.08652967032966985,82.65042637362632,82.25842857142857,False
season2025,Imola,BOR,Kick Sauber,3.0,HARD,14,0.06213186813186926,82.91359340659335,81.3792142857143,False
season2025,Imola,BOR,Kick Sauber,4.0,MEDIUM,10,-0.07515151515151462,86.58641212121208,81.5277,False
season2025,Imola,COL,Alpine,1.0,MEDIUM,20,0.08658646616541676,82.26045563909771,82.6237,False
season2025,Imola,COL,Alpine,2.0,HARD,18,0.15106392358560097,81.90201298065148,81.92483333333332,False
season2025,Imola,COL,Alpine,3.0,HARD,10,-0.10727272727272852,85.61430909090916,81.0559,False
season2025,Imola,GAS,Alpine,2.0,HARD,17,0.123674019607841,81.9347892156863,82.1265294117647,False
season2025,Imola,GAS,Alpine,3.0,HARD,24,0.0475070251517788,82.84333714946511,81.11908333333334,False
season2025,Imola,HAD,Racing Bulls,1.0,MEDIUM,27,0.07863980463980437,81.92947700447698,82.28407407407407,False
season2025,Imola,HAD,Racing Bulls,2.0,HARD,13,0.06464835164835302,82.4763956043956,80.96823076923079,False
season2025,Imola,HAD,Racing Bulls,3.0,HARD,10,-0.05324242424242477,84.21643030303034,80.33340000000001,False
season2025,Imola,HAM,Ferrari,1.0,HARD,27,0.0758809523809527,82.00460052910051,82.31781481481482,False
season2025,Imola,HAM,Ferrari,2.0,MEDIUM,13,0.011340659340659096,82.3877032967033,80.39976923076924,False
season2025,Imola,HAM,Ferrari,3.0,HARD,10,-0.15635151515151471,84.67359393939397,79.5017,False
season2025,Imola,HUL,Kick Sauber,1.0,HARD,26,0.07358666666666647,82.26503179487183,82.53453846153845,False
season2025,Imola,HUL,Kick Sauber,2.0,MEDIUM,23,0.011871187166480644,83.80178569075699,81.43421739130436,False
season2025,Imola,LAW,Racing Bulls,1.0,MEDIUM,8,-0.11057142857142391,83.22239285714286,82.31175,False
season2025,Imola,LAW,Racing Bulls,2.0,HARD,16,0.11379705882353135,82.16855294117644,82.177125,False
season2025,Imola,LAW,Racing Bulls,3.0,HARD,24,0.046407632263661486,82.96746834345181,81.22425,False
season2025,Imola,LEC,Ferrari,1.0,MEDIUM,8,-0.004404761904759303,82.1904761904762,81.86375000000001,False
season2025,Imola,LEC,Ferrari,2.0,HARD,17,0.09600245098039245,81.54691666666666,81.40694117647058,False
season2025,Imola,LEC,Ferrari,3.0,HARD,23,0.06651284669609382,81.55272639831351,80.16395652173914,False
season2025,Imola,NOR,McLaren,1.0,MEDIUM,26,0.023615042735039993,81.96112034188037,81.50603846153847,False
season2025,Imola,NOR,McLaren,2.0,HARD,14,0.05013186813186887,81.38190109890108,79.7907857142857,False
season2025,Imola,NOR,McLaren,3.0,HARD,10,-0.05693333333333409,82.808,78.8219,False
season2025,Imola,OCO,Haas F1 Team,2.0,HARD,25,0.1006469230769232,81.8699830769231,82.45404,False
season2025,Imola,PIA,McLaren,1.0,MEDIUM,11,0.08537272727272746,81.20229999999997,81.41490909090909,False
season2025,Imola,PIA,McLaren,2.0,HARD,14,0.031606593406593664,82.20512967032965,81.2912857142857,False
season2025,Imola,PIA,McLaren,3.0,HARD,24,0.045257944514503295,81.52186626733918,79.707875,False
season2025,Imola,RUS,Mercedes,1.0,MEDIUM,9,0.20208333333333472,80.3911388888889,81.87988888888889,False
season2025,Imola,RUS,Mercedes,2.0,HARD,15,0.08744642857142569,82.0137821428572,81.7008,False
season2025,Imola,RUS,Mercedes,3.0,HARD,24,0.023239375542065042,82.72953743856601,80.58666666666666,False
season2025,Imola,SAI,Williams,1.0,MEDIUM,9,0.12740000000000196,81.47282222222222,81.90722222222222,False
season2025,Imola,SAI,Williams,2.0,HARD,15,0.13096428571428573,81.80272142857145,81.88139999999999,False
season2025,Imola,SAI,Williams,3.0,HARD,24,0.01760303555941065,82.95288930326682,80.71279166666666,False
season2025,Imola,STR,Aston Martin,1.0,MEDIUM,12,0.13188111888111956,81.20124825174827,82.1735,False
season2025,Imola,STR,Aston Martin,2.0,HARD,25,0.07327565420191202,82.70785182623132,82.305,False
season2025,Imola,STR,Aston Martin,3.0,MEDIUM,10,-0.10450909090908778,86.2158181818181,81.0649,False
season2025,Imola,TSU,Red Bull Racing,1.0,HARD,26,0.08229811965811758,82.24783111111114,82.64365384615384,False
season2025,Imola,TSU,Red Bull Racing,2.0,MEDIUM,24,0.008022463139637509,83.5114875108412,81.106125,False
season2025,Imola,VER,Red Bull Racing,1.0,MEDIUM,27,0.057721611721609396,81.21017582417585,81.251,False
season2025,Imola,VER,Red Bull Racing,2.0,HARD,14,0.009386813186812476,81.92775384615386,79.89942857142857,False
season2025,Imola,VER,Red Bull Racing,3.0,HARD,10,0.083357575757575,80.49503030303033,78.31949999999999,False
season2025,Jeddah,ALB,Williams,1.0,MEDIUM,18,0.05779669762641804,95.40893016855865,95.44388888888889,False
season2025,Jeddah,ALB,Williams,2.0,HARD,27,0.02391391941391989,95.65803194953195,93.98174074074075,False
season2025,Jeddah,ALO,Aston Martin,1.0,MEDIUM,15,0.011707142857143344,96.26538095238097,95.80086666666668,False
season2025,Jeddah,ALO,Aston Martin,2.0,HARD,30,-0.016940823136817208,96.52503107156092,94.27606666666667,False
season2025,Jeddah,ANT,Mercedes,1.0,MEDIUM,15,0.05171785714285679,94.79983690476193,94.76373333333335,False
season2025,Jeddah,ANT,Mercedes,2.0,HARD,30,0.009579087875416612,95.27734505005566,93.48289999999999,False
season2025,Jeddah,BEA,Haas F1 Team,1.0,MEDIUM,14,0.04000659340659512,96.10657362637363,95.94914285714286,False
season2025,Jeddah,BEA,Haas F1 Team,2.0,HARD,31,-0.010107258064515118,96.40382338709675,94.30699999999999,False
season2025,Jeddah,BOR,Kick Sauber,2.0,HARD,46,0.03830582793709561,96.4837448658649,96.00304347826088,False
season2025,Jeddah,DOO,Alpine,2.0,HARD,28,0.06019649698960327,96.20440065681443,96.23514285714285,False
season2025,Jeddah,DOO,Alpine,3.0,HARD,16,0.12964264705882567,95.46695735294114,94.4160625,False
season2025,Jeddah,HAD,Racing Bulls,1.0,HARD,30,0.017500778642936032,95.84723559510566,95.1535,False
season2025,Jeddah,HAD,Racing Bulls,2.0,MEDIUM,15,0.06687857142856969,95.42542619047623,93.66233333333335,False
season2025,Jeddah,HAM,Ferrari,1.0,MEDIUM,19,0.05284561403508722,95.03316491228065,95.00515789473684,False
season2025,Jeddah,HAM,Ferrari,2.0,HARD,26,0.01273880341880221,95.17894119658123,93.30115384615384,False
season2025,Jeddah,HUL,Kick Sauber,1.0,HARD,29,0.025529064039412453,96.44944236453195,95.91896551724139,False
season2025,Jeddah,HUL,Kick Sauber,2.0,MEDIUM,15,0.18966785714285556,94.83965595238094,94.23666666666668,False
season2025,Jeddah,LAW,Racing Bulls,1.0,MEDIUM,16,-0.016751470588234153,96.44407941176473,95.6189375,False
season2025,Jeddah,LAW,Racing Bulls,2.0,HARD,29,-0.03033940886699528,96.58128719211818,94.08551724137929,False
season2025,Jeddah,LEC,Ferrari,1.0,MEDIUM,25,0.0014453846153837044,95.03259384615386,94.17571999999998,False
season2025,Jeddah,LEC,Ferrari,2.0,HARD,20,0.05162330827067804,94.10618195488719,92.47235,False
season2025,Jeddah,NOR,McLaren,1.0,HARD,30,-0.031737708565072825,95.66738094178717,94.06273333333334,False
season2025,Jeddah,NOR,McLaren,2.0,MEDIUM,15,0.05652142857142735,94.01664047619046,92.16033333333334,False
season2025,Jeddah,OCO,Haas F1 Team,2.0,HARD,47,0.03196218778908397,96.33611077705822,95.68212765957448,False
season2025,Jeddah,PIA,McLaren,1.0,MEDIUM,15,0.0904214285714274,93.55603095238095,93.94566666666667,False
season2025,Jeddah,PIA,McLaren,2.0,HARD,30,0.03387474972191241,94.26889996292181,92.87533333333334,False
season2025,Jeddah,RUS,Mercedes,1.0,MEDIUM,16,0.0798088235294124,94.0329485294118,94.31824999999999,False
season2025,Jeddah,RUS,Mercedes,2.0,HARD,29,0.07766059113300439,94.30329261083743,93.56586206896552,False
season2025,Jeddah,SAI,Williams,1.0,MEDIUM,17,0.03359068627450426,95.53308823529416,95.27617647058823,False
season2025,Jeddah,SAI,Williams,2.0,HARD,28,0.013267651888340743,95.82649425287356,94.02464285714284,False
season2025,Jeddah,STR,Aston Martin,1.0,HARD,35,0.028193277310923862,96.2723478991597,95.7376,False
season2025,Jeddah,STR,Aston Martin,2.0,MEDIUM,9,0.16268333333333368,95.02366111111111,93.68744444444445,False
season2025,Jeddah,VER,Red Bull Racing,1.0,MEDIUM,17,0.06910049019607566,93.65779411764709,93.82700000000001,False
season2025,Jeddah,VER,Red Bull Racing,2.0,HARD,28,0.02361713191023466,94.44639874110563,92.80496428571429,False
season2025,Las Vegas,ALB,Williams,1.0,HARD,9,-0.1623499999999965,99.67702222222216,97.93822222222222,False
season2025,Las Vegas,ALB,Williams,3.0,HARD,18,0.03304953560371391,96.88959098727209,95.88911111111112,False
season2025,Las Vegas,ALO,Aston Martin,1.0,MEDIUM,11,-0.031427272727276384,98.67163636363637,97.80736363636362,False
season2025,Las Vegas,ALO,Aston Martin,2.0,HARD,33,0.05926403743315732,97.42697459893046,96.62372727272728,False
season2025,Las Vegas,ANT,Mercedes,2.0,HARD,45,-0.01879326318136646,97.69243702516019,95.6998888888889,False
season2025,Las Vegas,BEA,Haas F1 Team,1.0,MEDIUM,11,-0.09918181818181758,99.32699999999997,97.78518181818181,False
season2025,Las Vegas,BEA,Haas F1 Team,2.0,HARD,32,0.003598057184749891,97.91994024926692,96.08540625,False
season2025,Las Vegas,COL,Alpine,1.0,HARD,19,-0.03974005231997693,99.63998072421863,98.32857894736841,False
season2025,Las Vegas,COL,Alpine,2.0,MEDIUM,23,0.03885276679841572,97.9313053359684,96.34639130434779,False
season2025,Las Vegas,GAS,Alpine,2.0,HARD,45,0.0157053192675443,98.05820652179688,96.94575555555554,False
season2025,Las Vegas,HAD,Racing Bulls,1.0,MEDIUM,14,0.05384510869565307,97.43938586956514,97.42585714285714,False
season2025,Las Vegas,HAD,Racing Bulls,2.0,HARD,29,0.005498029556649434,97.25610049261084,95.36406896551722,False
season2025,Las Vegas,HAM,Ferrari,1.0,HARD,23,-0.06887180345427699,99.05042154237512,97.06308695652174,False
season2025,Las Vegas,HAM,Ferrari,2.0,MEDIUM,20,0.010334586466165549,97.40860225563907,95.29995,False
season2025,Las Vegas,HUL,Kick Sauber,1.0,HARD,24,-0.04641680834001667,98.7125197754611,96.98420833333334,False
season2025,Las Vegas,HUL,Kick Sauber,2.0,MEDIUM,19,0.023729824561400943,96.98060350877194,94.98663157894737,False
season2025,Las Vegas,LAW,Racing Bulls,2.0,HARD,22,0.007605480643759462,98.06582601130924,97.31600000000002,False
season2025,Las Vegas,LAW,Racing Bulls,3.0,HARD,20,0.034051127819550595,97.49561203007516,95.71470000000001,False
season2025,Las Vegas,LEC,Ferrari,1.0,MEDIUM,18,0.02195875883739259,97.3059061272584,96.84700000000001,False
season2025,Las Vegas,LEC,Ferrari,2.0,HARD,25,0.035456923076921845,96.42972307692311,94.83612000000001,False
season2025,Las Vegas,NOR,McLaren,1.0,MEDIUM,16,-0.03782949019608178,97.53412784313727,96.34475,False
season2025,Las Vegas,NOR,McLaren,2.0,HARD,27,0.08557814407814353,95.89340191290192,95.14207407407406,False
season2025,Las Vegas,OCO,Haas F1 Team,1.0,MEDIUM,20,-0.008729943502824113,98.35441412429374,97.36659999999999,False
season2025,Las Vegas,OCO,Haas F1 Team,2.0,HARD,22,0.008638057594579385,97.27475155279505,95.21022727272727,False
season2025,Las Vegas,PIA,McLaren,1.0,MEDIUM,15,-0.009895595432298598,97.88618597063622,97.09013333333333,False
season2025,Las Vegas,PIA,McLaren,2.0,HARD,28,0.005676245210726494,96.83341105637658,94.91389285714286,False
season2025,Las Vegas,RUS,Mercedes,1.0,MEDIUM,11,0.004109090909090785,97.08809090909088,96.57918181818182,False
season2025,Las Vegas,RUS,Mercedes,2.0,HARD,32,0.033615285923752326,96.72620124633434,95.41696875,False
season2025,Las Vegas,SAI,Williams,1.0,MEDIUM,16,0.014415843137252502,97.59523450980393,97.07525000000001,False
season2025,Las Vegas,SAI,Williams,2.0,HARD,27,0.008938339438339566,96.98114713064712,95.08022222222223,False
season2025,Las Vegas,TSU,Red Bull Racing,2.0,HARD,21,0.052854121526145,97.39955916156383,97.31461904761903,False
season2025,Las Vegas,TSU,Red Bull Racing,3.0,MEDIUM,22,0.03841276115189091,97.18547317899498,95.53154545454545,False
season2025,Las Vegas,VER,Red Bull Racing,1.0,MEDIUM,19,-0.008600714853057134,97.15229451945989,96.2351052631579,False
season2025,Las Vegas,VER,Red Bull Racing,2.0,HARD,24,-0.004151739130435304,96.57167347826089,94.39812500000001,False
season2025,Lusail,ALB,Williams,2.0,MEDIUM,21,0.013425974025976185,88.60165541125536,87.63461904761905,False
season2025,Lusail,ALB,Williams,3.0,MEDIUM,24,-0.013482173913045122,87.9923843478261,85.30787500000001,False
season2025,Lusail,ALO,Aston Martin,2.0,MEDIUM,21,-0.031135064935063538,88.70784329004327,87.11695238095237,False
season2025,Lusail,ALO,Aston Martin,3.0,HARD,24,-0.04064304347826094,88.38680608695651,85.335625,False
season2025,Lusail,ANT,Mercedes,2.0,MEDIUM,21,0.027058441558441337,87.62865800865802,86.8524761904762,False
season2025,Lusail,ANT,Mercedes,3.0,HARD,24,0.06628956521739056,86.13400753623189,84.52641666666666,False
season2025,Lusail,BEA,Haas F1 Team,2.0,MEDIUM,21,0.016045454545456295,88.42145887445886,87.49109523809524,False
season2025,Lusail,BOR,Kick Sauber,2.0,MEDIUM,21,0.015800000000000227,88.73618095238096,87.80238095238096,False
season2025,Lusail,BOR,Kick Sauber,3.0,SOFT,24,0.04915434782608686,87.72037463768116,85.88145833333333,False
season2025,Lusail,COL,Alpine,2.0,MEDIUM,21,-0.005645454545451359,89.06836969696965,87.83433333333333,False
season2025,Lusail,COL,Alpine,3.0,MEDIUM,23,0.061058300395254325,87.67193774703557,85.99069565217391,False
season2025,Lusail,GAS,Alpine,2.0,HARD,21,-0.023219480519480487,89.40640606060607,87.92633333333335,False
season2025,Lusail,GAS,Alpine,3.0,MEDIUM,23,0.06227667984189508,87.38135968379447,85.71595652173913,False
season2025,Lusail,HAD,Racing Bulls,2.0,MEDIUM,21,-0.006479220779217804,88.50561385281381,87.25990476190476,False
season2025,Lusail,HAD,Racing Bulls,3.0,HARD,21,-0.042592207792207036,88.03243982683982,85.10133333333333,False
season2025,Lusail,HAM,Ferrari,2.0,MEDIUM,21,0.0001805194805194369,88.83104415584418,87.67857142857143,False
season2025,Lusail,HAM,Ferrari,3.0,MEDIUM,24,0.04288260869565278,87.6433347826087,85.71975000000002,False
season2025,Lusail,LAW,Racing Bulls,2.0,MEDIUM,21,0.012972727272729726,88.50352467532464,87.53014285714288,False
season2025,Lusail,LAW,Racing Bulls,3.0,HARD,24,-0.032762173913043306,88.06408101449276,85.11929166666667,False
season2025,Lusail,LEC,Ferrari,2.0,MEDIUM,21,0.011051948051949706,88.43632034632031,87.43604761904761,False
season2025,Lusail,LEC,Ferrari,3.0,HARD,24,0.018037391304347967,87.37516188405796,85.11616666666667,False
season2025,Lusail,NOR,McLaren,1.0,MEDIUM,19,-0.02233595830920593,87.33831731325996,86.25968421052632,False
season2025,Lusail,NOR,McLaren,2.0,MEDIUM,17,0.025585784313721424,86.79290686274511,85.12376470588234,False
season2025,Lusail,NOR,McLaren,3.0,HARD,12,0.0930944055944039,85.93504195804199,83.80075,False
season2025,Lusail,OCO,Haas F1 Team,3.0,MEDIUM,23,0.001083992094858076,89.01942984189726,87.82352173913043,False
season2025,Lusail,OCO,Haas F1 Team,4.0,HARD,21,0.0934077922077935,87.15179393939388,85.83609523809523,False
season2025,Lusail,PIA,McLaren,1.0,MEDIUM,18,-0.012439720240983308,86.89799847655986,85.99505555555555,False
season2025,Lusail,PIA,McLaren,2.0,MEDIUM,16,-0.004772058823526784,86.80514705882348,84.91731250000001,False
season2025,Lusail,PIA,McLaren,3.0,HARD,14,0.10853626373626621,85.34358461538454,83.48864285714285,False
season2025,Lusail,RUS,Mercedes,2.0,MEDIUM,21,0.0030233766233777534,88.44948225108224,87.33680952380952,False
season2025,Lusail,RUS,Mercedes,3.0,HARD,24,-0.021661739130433753,87.69293347826084,84.898,False
season2025,Lusail,SAI,Williams,2.0,MEDIUM,21,0.017361038961039545,87.60894545454543,86.69699999999997,False
season2025,Lusail,SAI,Williams,3.0,HARD,24,0.019191739130435165,86.75745318840582,84.51404166666667,False
season2025,Lusail,STR,Aston Martin,2.0,MEDIUM,13,-0.0370714285714282,89.24402197802199,87.9383076923077,False
season2025,Lusail,STR,Aston Martin,3.0,MEDIUM,23,-0.003171936758896,88.02662648221344,85.95039130434785,False
season2025,Lusail,TSU,Red Bull Racing,2.0,MEDIUM,21,0.014616883116885769,88.54355411255409,87.59319047619046,False
season2025,Lusail,TSU,Red Bull Racing,3.0,HARD,24,-0.02760478260869543,88.01712289855071,85.14195833333333,False
season2025,Lusail,VER,Red Bull Racing,2.0,MEDIUM,21,-0.010366233766231739,87.19779393939392,85.89766666666667,False
season2025,Lusail,VER,Red Bull Racing,3.0,HARD,24,0.03205130434782694,86.44547405797101,84.37566666666667,False
season2025,Marina Bay,ALB,Williams,1.0,MEDIUM,39,0.0079744409906754,99.90281543166546,98.87428205128205,False
season2025,Marina Bay,ALB,Williams,2.0,SOFT,17,-0.06700245098038925,100.93285049019607,97.28082352941176,False
season2025,Marina Bay,ALO,Aston Martin,1.0,SOFT,24,-0.004250375312761181,99.27028773978313,98.41075000000001,False
season2025,Marina Bay,ALO,Aston Martin,2.0,MEDIUM,33,-0.025977093294784866,100.19794621742838,97.18521212121212,False
season2025,Marina Bay,ANT,Mercedes,1.0,MEDIUM,22,-0.03475228587423268,99.0614848852398,97.87022727272728,False
season2025,Marina Bay,ANT,Mercedes,2.0,HARD,35,0.08549866143006515,97.4576260829913,96.67691428571428,False
season2025,Marina Bay,BEA,Haas F1 Team,1.0,MEDIUM,20,-0.024590252100840423,99.68223058823529,98.70725000000002,False
season2025,Marina Bay,BEA,Haas F1 Team,2.0,HARD,37,0.011063172090713452,99.86700312311457,97.7018918918919,False
season2025,Marina Bay,BOR,Kick Sauber,1.0,MEDIUM,10,-0.1321363636363622,100.76945454545454,99.4595,False
season2025,Marina Bay,BOR,Kick Sauber,2.0,HARD,46,0.10449095719435877,98.0622466297751,98.57806521739131,False
season2025,Marina Bay,COL,Alpine,1.0,SOFT,11,-0.120205732484078,100.58727961783441,99.26527272727272,False
season2025,Marina Bay,COL,Alpine,2.0,MEDIUM,45,0.08743296390660704,98.74251196876561,98.76315555555554,False
season2025,Marina Bay,GAS,Alpine,1.0,MEDIUM,21,-0.04600122699386376,100.54920613496931,99.26023809523811,False
season2025,Marina Bay,GAS,Alpine,2.0,HARD,24,0.20325188118811643,97.69036996699673,98.40883333333333,False
season2025,Marina Bay,GAS,Alpine,3.0,SOFT,9,0.6602166666666661,95.6718111111111,96.4981111111111,False
season2025,Marina Bay,HAD,Racing Bulls,1.0,SOFT,17,-0.03628280938123921,99.90112275449106,98.85129411764706,False
season2025,Marina Bay,HAD,Racing Bulls,2.0,HARD,39,0.04959748579134934,99.50150004816491,98.2856923076923,False
season2025,Marina Bay,HAM,Ferrari,1.0,MEDIUM,21,-0.010474679308421024,98.91920066926936,98.08361904761904,False
season2025,Marina Bay,HAM,Ferrari,2.0,HARD,19,0.04051228070175319,97.72978596491228,96.25042105263158,False
season2025,Marina Bay,HUL,Kick Sauber,1.0,MEDIUM,22,-0.00012576973316070047,99.5992602164583,98.86759090909091,False
season2025,Marina Bay,HUL,Kick Sauber,2.0,HARD,17,0.10821078431372146,99.52842156862748,98.6855294117647,False
season2025,Marina Bay,HUL,Kick Sauber,3.0,SOFT,16,0.2581220588235345,97.08790294117642,96.59756250000001,False
season2025,Marina Bay,LAW,Racing Bulls,1.0,MEDIUM,44,0.04935798113438928,99.00901846134994,98.87104545454545,False
season2025,Marina Bay,LAW,Racing Bulls,2.0,SOFT,12,-0.24106643356643873,102.06008158508165,97.19958333333334,False
season2025,Marina Bay,LEC,Ferrari,1.0,MEDIUM,18,-0.02975451988750639,98.92280072318201,97.97166666666666,False
season2025,Marina Bay,LEC,Ferrari,2.0,HARD,39,0.113763500626143,96.9546593199114,97.05930769230771,False
season2025,Marina Bay,NOR,McLaren,1.0,MEDIUM,23,-0.015002280232742436,98.36972707972954,97.40491304347825,False
season2025,Marina Bay,NOR,McLaren,2.0,HARD,34,0.07697310924369817,97.284687394958,96.27217647058822,False
season2025,Marina Bay,OCO,Haas F1 Team,1.0,MEDIUM,27,-0.003391007483195744,99.7823688961231,98.85892592592593,False
season2025,Marina Bay,OCO,Haas F1 Team,2.0,HARD,29,0.09063797507308913,99.96372875827048,98.90482758620689,False
season2025,Marina Bay,PIA,McLaren,1.0,MEDIUM,24,-0.030004670558800073,98.72090008340281,97.50604166666666,False
season2025,Marina Bay,PIA,McLaren,2.0,HARD,33,0.07560597866350642,97.16896203141202,96.06548484848486,False
season2025,Marina Bay,RUS,Mercedes,1.0,MEDIUM,22,0.026872644150026253,97.4833721776451,97.11004545454544,False
season2025,Marina Bay,RUS,Mercedes,2.0,HARD,35,0.07222138622891128,97.3707432740538,96.33131428571427,False
season2025,Marina Bay,SAI,Williams,1.0,MEDIUM,46,0.04064333040164102,99.20711681388858,98.84102173913045,False
season2025,Marina Bay,SAI,Williams,2.0,SOFT,10,0.0074545454545445426,98.59374545454544,95.5347,False
season2025,Marina Bay,STR,Aston Martin,1.0,SOFT,35,0.03781112389719962,99.24686482546997,98.90554285714285,False
season2025,Marina Bay,STR,Aston Martin,2.0,MEDIUM,21,-0.06128501075512196,101.30374538661833,97.66290476190477,False
season2025,Marina Bay,TSU,Red Bull Racing,1.0,SOFT,10,-0.15468181818181712,101.01687272727271,99.54909999999998,False
season2025,Marina Bay,TSU,Red Bull Racing,2.0,HARD,46,0.06341708994335062,98.60473585010449,98.09906521739131,False
season2025,Marina Bay,VER,Red Bull Racing,1.0,SOFT,16,-0.026136627450980447,98.47561427450982,97.57062499999999,False
season2025,Marina Bay,VER,Red Bull Racing,2.0,HARD,41,0.06661060853308773,97.13848416483154,96.35373170731708,False
season2025,Mexico City,ALB,Williams,1.0,HARD,37,0.03992083183581429,84.47440881656733,84.1442972972973,False
season2025,Mexico City,ALB,Williams,2.0,SOFT,26,0.1186064957264948,83.09466735042736,81.76196153846152,False
season2025,Mexico City,ALO,Aston Martin,1.0,SOFT,16,0.054709899749371044,84.14345112781955,84.1401875,False
season2025,Mexico City,ALO,Aston Martin,2.0,MEDIUM,12,0.11346153846153982,83.1779102564102,82.62983333333334,False
season2025,Mexico City,ANT,Mercedes,1.0,SOFT,18,0.07005237184006514,82.86042209688785,83.25538888888889,False
season2025,Mexico City,ANT,Mercedes,2.0,MEDIUM,23,0.05833201581027516,83.71516205533595,82.54847826086957,False
season2025,Mexico City,ANT,Mercedes,3.0,SOFT,20,0.07286917293232809,83.29739699248127,81.1365,False
season2025,Mexico City,BEA,Haas F1 Team,1.0,SOFT,20,0.06755012158876073,82.76633301810321,83.13590000000002,False
season2025,Mexico City,BEA,Haas F1 Team,2.0,MEDIUM,22,0.044581592320721064,83.87209373235464,82.42186363636364,False
season2025,Mexico City,BEA,Haas F1 Team,3.0,SOFT,19,0.08112456140350509,83.21188771929829,81.10263157894735,False
season2025,Mexico City,BOR,Kick Sauber,1.0,MEDIUM,33,0.06447094536835621,83.82866847995027,84.01693939393938,False
season2025,Mexico City,BOR,Kick Sauber,2.0,SOFT,31,0.07944686786710628,83.69998731930004,82.08216129032259,False
season2025,Mexico City,COL,Alpine,1.0,HARD,44,0.04112579910675261,84.7949626499693,84.44243181818183,False
season2025,Mexico City,COL,Alpine,2.0,SOFT,18,0.08709597523219663,84.08571448228416,81.78272222222223,False
season2025,Mexico City,GAS,Alpine,1.0,MEDIUM,29,0.03506434575375939,85.12029892757079,84.76420689655173,False
season2025,Mexico City,GAS,Alpine,2.0,SOFT,33,0.06271891711230118,84.52154434046345,82.84548484848486,False
season2025,Mexico City,HAD,Racing Bulls,1.0,MEDIUM,30,0.0764262438460131,83.58197132136158,83.9755,False
season2025,Mexico City,HAD,Racing Bulls,2.0,SOFT,33,0.10008355614973136,83.29433622994654,82.5360909090909,False
season2025,Mexico City,HAM,Ferrari,1.0,SOFT,19,0.08432695780659907,82.3809954030537,83.00905263157895,False
season2025,Mexico City,HAM,Ferrari,2.0,MEDIUM,22,0.055685488424617326,83.62779503105595,82.37136363636365,False
season2025,Mexico City,HAM,Ferrari,3.0,SOFT,20,0.11767894736842016,82.8981052631579,81.38695,False
season2025,Mexico City,HUL,Kick Sauber,1.0,SOFT,21,0.024680666143320894,84.72336222944939,84.30466666666665,False
season2025,Mexico City,LEC,Ferrari,1.0,SOFT,27,0.09768560976647339,82.32892768726865,83.04825925925927,False
season2025,Mexico City,LEC,Ferrari,2.0,MEDIUM,36,0.04623449163449171,83.8635385242385,81.98761111111111,False
season2025,Mexico City,NOR,McLaren,1.0,SOFT,30,0.07443349461834696,82.20937148217637,82.56630000000001,False
season2025,Mexico City,NOR,McLaren,2.0,MEDIUM,34,0.0615550802139029,83.28193689839571,81.53320588235295,False
season2025,Mexico City,OCO,Haas F1 Team,1.0,SOFT,23,0.06809871855718941,83.5716668248695,83.7658695652174,False
season2025,Mexico City,OCO,Haas F1 Team,2.0,MEDIUM,41,0.042166450288969315,84.37013485216515,82.60217073170732,False
season2025,Mexico City,PIA,McLaren,1.0,SOFT,20,0.05397298027560146,83.1799404215077,83.3282,False
season2025,Mexico City,PIA,McLaren,2.0,MEDIUM,21,0.07965064935064797,83.33490649350651,82.31071428571428,False
season2025,Mexico City,PIA,McLaren,3.0,SOFT,20,0.06149548872180403,83.29906541353384,80.97325,False
season2025,Mexico City,RUS,Mercedes,1.0,SOFT,21,0.07245015139620993,82.80900459795897,83.26733333333334,False
season2025,Mexico City,RUS,Mercedes,2.0,MEDIUM,21,0.07788571428571354,83.37165714285716,82.27128571428572,False
season2025,Mexico City,RUS,Mercedes,3.0,SOFT,19,0.1313754385964904,82.85500701754385,81.44926315789473,False
season2025,Mexico City,SAI,Williams,1.0,MEDIUM,13,0.07508944182918441,83.93774848688635,84.13246153846156,False
season2025,Mexico City,SAI,Williams,2.0,SOFT,27,0.06926068376068309,83.18438176638178,82.67107407407406,False
season2025,Mexico City,SAI,Williams,3.0,SOFT,8,0.13822619047619164,82.64645238095235,80.98887500000001,False
season2025,Mexico City,SAI,Williams,4.0,SOFT,10,0.12038181818182038,82.64345454545445,81.5534,False
season2025,Mexico City,STR,Aston Martin,1.0,SOFT,22,0.04892422465162153,83.96885769248813,83.88186363636363,False
season2025,Mexico City,STR,Aston Martin,2.0,MEDIUM,15,0.09899285714285794,83.48227142857142,82.54719999999999,False
season2025,Mexico City,STR,Aston Martin,3.0,SOFT,24,0.0580813043478268,84.29652942028987,82.03120833333334,False
season2025,Mexico City,TSU,Red Bull Racing,1.0,MEDIUM,32,0.08072913378923274,83.33052928283361,83.82903124999999,False
season2025,Mexico City,TSU,Red Bull Racing,2.0,SOFT,32,0.06367981298375967,83.90665453447268,82.07909375,False
season2025,Mexico City,VER,Red Bull Racing,1.0,MEDIUM,33,0.0734617753341634,82.91269925396331,83.27969696969696,False
season2025,Mexico City,VER,Red Bull Racing,2.0,SOFT,30,0.05748809788654043,83.16541542454578,81.34393333333334,False
season2025,Miami Gardens,ALB,Williams,2.0,HARD,24,0.031655652173910885,93.02356536231888,90.94841666666666,False
season2025,Miami Gardens,ALO,Aston Martin,2.0,MEDIUM,23,0.07518972332015794,93.77769169960473,92.35534782608694,False
season2025,Miami Gardens,ANT,Mercedes,2.0,HARD,24,0.04480391304347942,93.05377217391302,91.15612500000002,False
season2025,Miami Gardens,GAS,Alpine,2.0,MEDIUM,24,0.0782030434782619,93.10596724637679,91.65920833333332,False
season2025,Miami Gardens,HAD,Racing Bulls,1.0,HARD,30,0.0352362457622082,93.08355070481174,91.44633333333334,False
season2025,Miami Gardens,HAM,Ferrari,2.0,MEDIUM,24,0.07347478260869521,92.58717376811596,91.07658333333332,False
season2025,Miami Gardens,HUL,Kick Sauber,1.0,HARD,8,0.04829999999999429,94.18670000000007,92.8815,False
season2025,Miami Gardens,HUL,Kick Sauber,2.0,MEDIUM,19,0.09333859649122868,92.91332807017542,91.35505263157894,False
season2025,Miami Gardens,LEC,Ferrari,2.0,HARD,24,0.034550434782609,92.99673579710144,90.96066666666667,False
season2025,Miami Gardens,NOR,McLaren,2.0,HARD,23,0.0882499999999986,91.49332608695651,90.19882608695652,False
season2025,Miami Gardens,OCO,Haas F1 Team,1.0,HARD,29,0.06260724742756725,92.7617418086501,91.6446896551724,False
season2025,Miami Gardens,PIA,McLaren,2.0,HARD,23,0.0730543478260864,91.82350000000002,90.3162608695652,False
season2025,Miami Gardens,RUS,Mercedes,2.0,MEDIUM,24,0.04481521739130418,92.74070289855074,90.84320833333334,False
season2025,Miami Gardens,SAI,Williams,2.0,HARD,24,0.03600260869565231,93.12713144927534,91.11066666666666,False
season2025,Miami Gardens,STR,Aston Martin,1.0,HARD,29,0.042621325408138386,93.98631233694627,92.537275862069,False
season2025,Miami Gardens,TSU,Red Bull Racing,2.0,HARD,24,0.04595173913043496,93.1699431884058,91.28779166666668,False
season2025,Miami Gardens,VER,Red Bull Racing,2.0,HARD,24,0.059081739130433714,92.5077298550725,90.80283333333334,False
season2025,Monaco,ALB,Williams,1.0,MEDIUM,23,-0.14269428014518065,83.0428657077564,78.62134782608695,False
season2025,Monaco,ALB,Williams,3.0,HARD,35,-0.10432380952380994,82.23498095238097,77.00782857142858,False
season2025,Monaco,ALO,Aston Martin,2.0,HARD,19,-0.03778596491228297,78.89806315789481,76.95963157894737,False
season2025,Monaco,ANT,Mercedes,1.0,HARD,59,0.024200278821345587,80.16401982347352,78.98371186440679,False
season2025,Monaco,BEA,Haas F1 Team,2.0,HARD,8,0.5544090909090895,72.90940909090911,77.8485,False
season2025,Monaco,BEA,Haas F1 Team,3.0,MEDIUM,57,0.03442804462934948,79.69223420953105,78.12600000000002,False
season2025,Monaco,BOR,Kick Sauber,2.0,HARD,17,0.14679424694189683,76.84767622324158,78.19658823529412,False
season2025,Monaco,BOR,Kick Sauber,4.0,MEDIUM,39,0.0412248987854234,80.35300094466938,78.12494871794871,False
season2025,Monaco,COL,Alpine,2.0,MEDIUM,11,0.18414545454545364,76.07460000000003,77.55263636363635,False
season2025,Monaco,COL,Alpine,3.0,MEDIUM,48,0.023279673469387325,80.33420359183674,78.0695625,False
season2025,Monaco,HAD,Racing Bulls,3.0,HARD,56,0.06668775357576719,77.96671083481358,77.34153571428571,False
season2025,Monaco,HAM,Ferrari,1.0,HARD,9,-0.4601239837398379,83.74333536585367,77.73355555555555,False
season2025,Monaco,HAM,Ferrari,2.0,HARD,35,0.06482754512157346,76.4006471470809,75.66697142857143,False
season2025,Monaco,HAM,Ferrari,3.0,MEDIUM,21,0.04108571428571518,78.97695238095237,75.8532380952381,False
season2025,Monaco,HUL,Kick Sauber,2.0,HARD,29,0.08634608792255409,78.72356340263453,78.57158620689655,False
season2025,Monaco,HUL,Kick Sauber,3.0,SOFT,31,0.030882258064517377,80.90229193548385,78.07229032258064,False
season2025,Monaco,LAW,Racing Bulls,1.0,MEDIUM,22,-0.16061285371325107,82.76679818174665,78.67995454545454,False
season2025,Monaco,LAW,Racing Bulls,3.0,HARD,36,0.10124658944659012,77.65838936078937,76.46144444444444,False
season2025,Monaco,LEC,Ferrari,1.0,MEDIUM,13,-0.21045823876532002,80.196758284158,76.45992307692308,False
season2025,Monaco,LEC,Ferrari,2.0,HARD,24,0.015117942122188822,76.5712753054662,74.80624999999999,False
season2025,Monaco,LEC,Ferrari,3.0,MEDIUM,28,0.11086152162014432,76.96727613574161,75.47071428571428,False
season2025,Monaco,NOR,McLaren,1.0,MEDIUM,10,-0.2610339830084965,80.35001799100448,76.46279999999999,False
season2025,Monaco,NOR,McLaren,2.0,HARD,28,0.03757804132275146,76.23949184326345,74.91760714285715,False
season2025,Monaco,NOR,McLaren,3.0,HARD,27,0.0746611721611722,77.96304538054535,75.50796296296296,False
season2025,Monaco,OCO,Haas F1 Team,2.0,MEDIUM,10,0.1355575757575774,77.01954545454542,77.20540000000001,False
season2025,Monaco,OCO,Haas F1 Team,3.0,HARD,47,0.07860389953702807,78.13413323537257,77.20431914893616,False
season2025,Monaco,PIA,McLaren,1.0,MEDIUM,11,-0.33429320754716885,81.95814867924526,76.93272727272728,False
season2025,Monaco,PIA,McLaren,2.0,HARD,25,0.01435445866902127,76.81958997351283,75.13592,False
season2025,Monaco,PIA,McLaren,3.0,HARD,29,0.1202960591132991,76.72909064039409,75.13382758620689,False
season2025,Monaco,RUS,Mercedes,1.0,HARD,43,-0.0025194299485500784,80.64987495170872,78.92027906976745,False
season2025,Monaco,RUS,Mercedes,2.0,MEDIUM,11,-0.2769829721362228,81.07286842105263,75.59254545454546,False
season2025,Monaco,SAI,Williams,1.0,HARD,38,-0.03886586215243016,81.38387090065751,78.8075,False
season2025,Monaco,SAI,Williams,3.0,MEDIUM,22,0.000162619988706546,79.63848447204967,76.03931818181819,False
season2025,Monaco,STR,Aston Martin,1.0,HARD,8,-0.055992424242424434,81.15240909090913,79.87549999999999,False
season2025,Monaco,STR,Aston Martin,2.0,HARD,44,0.09485438722842428,78.47660810226861,78.59659090909092,False
season2025,Monaco,STR,Aston Martin,3.0,MEDIUM,11,0.2900454545454536,77.60181818181822,76.01718181818183,False
season2025,Monaco,TSU,Red Bull Racing,2.0,HARD,63,0.027921935998472307,79.83045394799662,78.70952380952382,False
season2025,Monaco,VER,Red Bull Racing,1.0,HARD,19,-0.1624347369801917,80.25981385281385,76.48331578947368,False
season2025,Monaco,VER,Red Bull Racing,2.0,MEDIUM,46,0.08040739296495916,76.24911711295267,75.35258695652173,False
season2025,Montréal,ALB,Williams,1.0,MEDIUM,21,0.13559480519480593,76.62553073593068,78.13504761904761,False
season2025,Montréal,ALB,Williams,2.0,HARD,22,0.16467080745341697,76.9274330886505,77.03331818181819,False
season2025,Montréal,ALO,Aston Martin,1.0,MEDIUM,13,0.2213626373626381,75.1948021978022,77.41115384615385,False
season2025,Montréal,ALO,Aston Martin,2.0,HARD,32,0.024505191408417504,78.08432567171275,76.74921875,False
season2025,Montréal,ALO,Aston Martin,3.0,HARD,14,0.04718241758241821,78.18690989010989,75.41764285714285,False
season2025,Montréal,ANT,Mercedes,1.0,MEDIUM,12,0.11187062937062872,75.4808298368298,76.57858333333334,False
season2025,Montréal,ANT,Mercedes,2.0,HARD,22,0.010114059853190142,77.11155110107288,75.7905909090909,False
season2025,Montréal,ANT,Mercedes,3.0,HARD,25,0.015265309707860273,77.63116484288726,74.93084,False
season2025,Montréal,BEA,Haas F1 Team,1.0,MEDIUM,16,0.11384852941176732,77.4805014705882,78.03956249999999,False
season2025,Montréal,BEA,Haas F1 Team,2.0,HARD,44,0.04175298790395449,78.24244006138284,76.9363181818182,False
season2025,Montréal,BOR,Kick Sauber,1.0,HARD,46,0.03611501695960475,78.27642121492445,77.81373913043478,False
season2025,Montréal,BOR,Kick Sauber,2.0,MEDIUM,14,0.1362131868131885,78.04468791208785,76.04,False
season2025,Montréal,COL,Alpine,1.0,MEDIUM,12,0.05574125874125874,77.37640093240094,77.66066666666667,False
season2025,Montréal,COL,Alpine,2.0,HARD,48,0.05214533967949661,78.13847455827968,77.29472916666667,False
season2025,Montréal,GAS,Alpine,1.0,HARD,50,0.03193527279725358,78.36700044904896,77.75394,False
season2025,Montréal,GAS,Alpine,2.0,MEDIUM,10,0.15689090909090986,77.79670909090906,75.544,False
season2025,Montréal,HAD,Racing Bulls,1.0,MEDIUM,11,0.10796363636363814,77.42234545454545,77.7930909090909,False
season2025,Montréal,HAD,Racing Bulls,2.0,HARD,49,0.055623223450454146,77.93607150611922,77.29310204081632,False
season2025,Montréal,HAM,Ferrari,1.0,MEDIUM,13,0.08441208791209173,76.62924175824173,76.86453846153846,False
season2025,Montréal,HAM,Ferrari,2.0,HARD,28,0.02058319649698919,77.72571045429666,76.36725,False
season2025,Montréal,HAM,Ferrari,3.0,HARD,18,0.020913312693499695,78.20993653250775,75.34483333333334,False
season2025,Montréal,HUL,Kick Sauber,1.0,MEDIUM,17,0.09133333333332962,77.24407843137259,77.60741176470589,False
season2025,Montréal,HUL,Kick Sauber,2.0,HARD,44,0.010565673682155339,78.73048811272852,76.62411363636363,False
season2025,Montréal,LAW,Racing Bulls,1.0,HARD,36,0.040874131274131004,78.17652475332476,77.94194444444446,False
season2025,Montréal,LAW,Racing Bulls,2.0,MEDIUM,12,0.004985163204744626,79.78645697329377,77.27966666666666,False
season2025,Montréal,LEC,Ferrari,1.0,HARD,26,-0.00743623931623959,77.60747931623932,76.70215384615385,False
season2025,Montréal,LEC,Ferrari,2.0,HARD,21,0.05390607912511988,76.89739198027235,75.34395238095237,False
season2025,Montréal,LEC,Ferrari,3.0,MEDIUM,11,0.1155999999999996,77.42534545454545,74.93454545454546,False
season2025,Montréal,NOR,McLaren,1.0,HARD,27,0.01558791208791148,77.18684798534797,76.59566666666667,False
season2025,Montréal,NOR,McLaren,2.0,MEDIUM,16,0.07752352941176494,76.58015147058819,75.199125,False
season2025,Montréal,NOR,McLaren,3.0,HARD,18,0.05345098039215353,77.07254248366016,74.47127777777779,False
season2025,Montréal,OCO,Haas F1 Team,1.0,HARD,54,0.027572173459513495,78.10855273440987,77.32279629629629,False
season2025,Montréal,PIA,McLaren,1.0,MEDIUM,14,0.07725714285714448,76.5544571428571,76.74364285714286,False
season2025,Montréal,PIA,McLaren,2.0,HARD,27,0.0337063492063489,76.84903439153439,75.64962962962963,False
season2025,Montréal,PIA,McLaren,3.0,HARD,18,0.04562110413785706,77.30124965429208,74.71005555555557,False
season2025,Montréal,RUS,Mercedes,1.0,MEDIUM,11,0.11222727272727202,75.59763636363635,76.3349090909091,False
season2025,Montréal,RUS,Mercedes,2.0,HARD,27,0.03187912087912166,76.7939711029711,75.76403703703704,False
season2025,Montréal,RUS,Mercedes,3.0,HARD,21,-0.0022815835837903713,77.9217396621411,74.83161904761904,False
season2025,Montréal,SAI,Williams,1.0,HARD,54,0.02967538859570186,78.12120692300832,77.39570370370369,False
season2025,Montréal,STR,Aston Martin,1.0,HARD,22,0.051602484472049626,78.12127555053645,78.13040909090908,False
season2025,Montréal,STR,Aston Martin,2.0,HARD,24,0.09242648083623804,77.53878048780489,76.81958333333334,False
season2025,Montréal,STR,Aston Martin,3.0,MEDIUM,12,0.058157342657340017,77.85106993006997,75.06975000000001,False
season2025,Montréal,TSU,Red Bull Racing,1.0,HARD,53,0.030080847021019902,78.21455579418227,77.51352830188681,False
season2025,Montréal,VER,Red Bull Racing,1.0,MEDIUM,10,0.15033333333333654,75.38353333333326,76.45419999999999,False
season2025,Montréal,VER,Red Bull Racing,2.0,HARD,23,0.06073023715414871,76.50855039525692,75.92304347826087,False
season2025,Montréal,VER,Red Bull Racing,3.0,HARD,26,0.01612347348314211,77.54370201532419,74.89415384615384,False
season2025,Monza,ALB,Williams,1.0,HARD,38,-0.01891497975708576,85.44312550607285,83.92786842105261,False
season2025,Monza,ALB,Williams,2.0,MEDIUM,11,0.03060909090908905,84.34237272727273,81.91663636363636,False
season2025,Monza,ALO,Aston Martin,1.0,MEDIUM,18,-0.015298245614033005,85.36159649122806,84.60816666666666,False
season2025,Monza,ANT,Mercedes,1.0,MEDIUM,26,-0.007536752136753508,85.2250905982906,84.31830769230768,False
season2025,Monza,ANT,Mercedes,2.0,HARD,23,0.017910706167600612,84.66586346416126,82.62273913043478,False
season2025,Monza,BEA,Haas F1 Team,1.0,MEDIUM,16,-0.011101470588234906,85.30690147058822,84.67893750000002,False
season2025,Monza,BEA,Haas F1 Team,2.0,HARD,33,-0.00557288800475915,85.10781039451179,83.00363636363637,False
season2025,Monza,BOR,Kick Sauber,1.0,MEDIUM,18,0.010531475748192198,85.01136394908839,84.54444444444444,False
season2025,Monza,BOR,Kick Sauber,2.0,HARD,31,0.003558398919021543,84.95475692205575,82.95867741935486,False
season2025,Monza,COL,Alpine,1.0,MEDIUM,31,0.01572741935483993,85.40121451612899,84.73358064516131,False
season2025,Monza,COL,Alpine,2.0,HARD,17,0.06776534431137538,84.86898278443117,83.19064705882353,False
season2025,Monza,GAS,Alpine,1.0,HARD,46,0.0002846864807483901,85.59541045313804,84.2453695652174,False
season2025,Monza,HAD,Racing Bulls,1.0,HARD,30,-0.014033147942156923,85.5205467556544,84.36746666666667,False
season2025,Monza,HAD,Racing Bulls,2.0,MEDIUM,19,0.02218184019370124,84.62913849878932,82.48568421052633,False
season2025,Monza,HAM,Ferrari,1.0,MEDIUM,36,0.005517245817245072,84.7245525954526,83.7596388888889,False
season2025,Monza,HAM,Ferrari,2.0,HARD,13,0.0252252747252765,84.18774175824173,81.82976923076923,False
season2025,Monza,LAW,Racing Bulls,2.0,HARD,42,0.01997551675551671,85.0793679749575,83.7854761904762,False
season2025,Monza,LEC,Ferrari,1.0,MEDIUM,31,-0.010349193548387366,84.79071048387095,83.67977419354838,False
season2025,Monza,LEC,Ferrari,2.0,HARD,18,0.014892728003214601,84.2265371635195,81.96144444444445,False
season2025,Monza,NOR,McLaren,1.0,MEDIUM,43,0.021959264085593153,83.8697546689071,83.1067441860465,False
season2025,Monza,OCO,Haas F1 Team,1.0,HARD,48,0.010542157484004954,85.13289536801534,83.98995833333333,False
season2025,Monza,PIA,McLaren,1.0,MEDIUM,42,0.0012247683502897824,84.42330760961727,83.20952380952382,False
season2025,Monza,RUS,Mercedes,1.0,MEDIUM,25,0.0038261538461543667,84.72015384615385,84.00371999999999,False
season2025,Monza,RUS,Mercedes,2.0,HARD,24,0.02462562951082571,84.15954845228546,82.24804166666667,False
season2025,Monza,SAI,Williams,1.0,MEDIUM,28,0.005373563218389915,85.18910262725781,84.41989285714286,False
season2025,Monza,SAI,Williams,2.0,HARD,21,0.027049626178350415,84.4433261458446,82.44061904761904,False
season2025,Monza,STR,Aston Martin,1.0,HARD,46,0.011564202947576395,85.12494948519372,84.06478260869565,False
season2025,Monza,TSU,Red Bull Racing,1.0,MEDIUM,17,0.020894607843136216,85.03393627450981,84.69288235294118,False
season2025,Monza,TSU,Red Bull Racing,2.0,HARD,32,-0.0009399771600978535,85.64826896602302,83.60159375,False
season2025,Monza,VER,Red Bull Racing,1.0,MEDIUM,35,0.029352100840336768,83.5484243697479,83.06111428571428,False
season2025,Monza,VER,Red Bull Racing,2.0,HARD,13,0.043129493763759554,83.47980190755683,81.32792307692307,False
season2025,Sakhir,ALB,Williams,1.0,SOFT,14,0.16436043956043767,98.81879340659337,99.74835714285713,False
season2025,Sakhir,ALB,Williams,2.0,HARD,14,0.18219120879121126,98.18730329670319,98.38842857142856,False
season2025,Sakhir,ALB,Williams,3.0,MEDIUM,22,0.09905815923207428,99.25347487295316,98.13231818181818,False
season2025,Sakhir,ALO,Aston Martin,1.0,MEDIUM,14,0.07564615384615413,99.93436483516477,100.10985714285714,False
season2025,Sakhir,ALO,Aston Martin,2.0,MEDIUM,14,0.12996923076923195,98.94497582417574,98.70221428571429,False
season2025,Sakhir,ALO,Aston Martin,3.0,HARD,22,0.04331112365895019,100.50517052512707,98.57568181818182,False
season2025,Sakhir,ANT,Mercedes,1.0,SOFT,10,0.22658787878788186,97.12631515151509,98.92139999999999,False
season2025,Sakhir,ANT,Mercedes,2.0,MEDIUM,13,0.13487362637363143,98.76070329670326,98.73969230769231,False
season2025,Sakhir,ANT,Mercedes,4.0,SOFT,22,0.10851778656126472,98.73416600790515,98.07572727272726,False
season2025,Sakhir,BEA,Haas F1 Team,1.0,SOFT,12,0.091276223776222,99.45567832167835,99.72774999999997,False
season2025,Sakhir,BEA,Haas F1 Team,2.0,HARD,16,0.16003970588235417,98.5333102941176,98.7611875,False
season2025,Sakhir,BEA,Haas F1 Team,3.0,SOFT,22,0.11314793901750508,99.00112761151892,98.08427272727273,False
season2025,Sakhir,BOR,Kick Sauber,1.0,MEDIUM,11,0.08892727272727292,100.01696363636364,100.25445454545455,False
season2025,Sakhir,BOR,Kick Sauber,2.0,HARD,17,0.13121078431372424,99.39142156862745,99.4385294117647,False
season2025,Sakhir,BOR,Kick Sauber,3.0,MEDIUM,22,0.05869282891022281,100.51627216261998,98.80981818181817,False
season2025,Sakhir,DOO,Alpine,2.0,MEDIUM,17,0.16393627450980053,98.23981372549022,98.83417647058822,False
season2025,Sakhir,DOO,Alpine,3.0,HARD,24,0.12055509099852438,98.68188760452531,98.26725,False
season2025,Sakhir,GAS,Alpine,1.0,SOFT,8,0.31229761904762093,96.49884523809527,98.850875,False
season2025,Sakhir,GAS,Alpine,2.0,MEDIUM,16,0.09955882352941378,98.55256617647052,98.42587499999999,False
season2025,Sakhir,GAS,Alpine,3.0,HARD,24,0.1263574766355135,97.96123831775702,97.64620833333333,False
season2025,Sakhir,HAD,Racing Bulls,2.0,MEDIUM,20,0.13280676691729315,98.6902721804511,99.25505,False
season2025,Sakhir,HAD,Racing Bulls,3.0,HARD,24,0.07461719134284339,99.48277988194785,98.27954166666667,False
season2025,Sakhir,HAM,Ferrari,1.0,MEDIUM,15,0.09189285714285335,98.88763095238099,99.21966666666667,False
season2025,Sakhir,HAM,Ferrari,2.0,MEDIUM,13,0.04719780219780555,98.67695604395603,97.67953846153844,False
season2025,Sakhir,HAM,Ferrari,3.0,HARD,22,0.1345708639186909,97.94204065499719,97.33581818181818,False
season2025,Sakhir,HUL,Kick Sauber,2.0,MEDIUM,20,0.10615939849624115,99.10986691729322,99.4232,False
season2025,Sakhir,HUL,Kick Sauber,3.0,MEDIUM,25,0.07447263173622991,99.32039949198123,98.17656,False
season2025,Sakhir,LAW,Racing Bulls,1.0,MEDIUM,12,0.08954195804195267,99.6965186480187,99.95558333333334,False
season2025,Sakhir,LAW,Racing Bulls,2.0,HARD,16,0.14045000000000243,99.14384999999996,99.185625,False
season2025,Sakhir,LAW,Racing Bulls,3.0,SOFT,22,0.06993337097684993,99.59714793901753,98.05368181818181,False
season2025,Sakhir,LEC,Ferrari,1.0,MEDIUM,15,0.10833928571428536,98.2878797619048,98.76793333333332,False
season2025,Sakhir,LEC,Ferrari,2.0,MEDIUM,13,0.12587912087912234,97.97912087912088,97.61115384615384,False
season2025,Sakhir,LEC,Ferrari,3.0,HARD,22,0.15394861660079148,97.3009723320158,96.97572727272728,False
season2025,Sakhir,NOR,McLaren,1.0,SOFT,8,0.19533333333333372,97.17691666666667,98.53475,False
season2025,Sakhir,NOR,McLaren,2.0,MEDIUM,20,0.06515639097744438,98.44100150375938,98.00780000000002,False
season2025,Sakhir,NOR,McLaren,3.0,MEDIUM,22,0.11134330886505019,97.76029474872952,96.81727272727272,False
season2025,Sakhir,OCO,Haas F1 Team,2.0,MEDIUM,17,0.15025735294117368,98.05842647058826,98.57100000000001,False
season2025,Sakhir,OCO,Haas F1 Team,3.0,HARD,25,0.10487503735431933,98.53662934555231,97.92544,False
season2025,Sakhir,PIA,McLaren,1.0,SOFT,12,0.1607062937062949,97.14175058275057,98.41666666666664,False
season2025,Sakhir,PIA,McLaren,2.0,MEDIUM,16,0.043425000000002066,98.55602499999995,97.6760625,False
season2025,Sakhir,PIA,McLaren,3.0,MEDIUM,22,0.08397797854319723,97.48545567476003,96.14563636363637,False
season2025,Sakhir,RUS,Mercedes,1.0,SOFT,11,0.16894545454545393,97.35772727272722,98.66218181818182,False
season2025,Sakhir,RUS,Mercedes,2.0,MEDIUM,17,0.0401127450980409,98.8515196078431,97.98764705882354,False
season2025,Sakhir,SAI,Williams,1.0,SOFT,12,0.25581468531468327,97.56602913752917,99.83958333333334,False
season2025,Sakhir,SAI,Williams,2.0,MEDIUM,16,0.20395735294117975,98.06634264705875,98.7114375,False
season2025,Sakhir,SAI,Williams,3.0,HARD,8,0.0606309523809643,100.69189285714276,98.974125,False
season2025,Sakhir,STR,Aston Martin,1.0,SOFT,10,0.1186484848484848,99.68348484848484,100.0972,False
season2025,Sakhir,STR,Aston Martin,2.0,MEDIUM,18,0.0900835913312684,99.66051117991054,99.36888888888888,False
season2025,Sakhir,STR,Aston Martin,3.0,HARD,22,0.0598977978543221,100.43752738565783,98.74854545454545,False
season2025,Sakhir,TSU,Red Bull Racing,1.0,SOFT,9,0.24736666666666687,97.46114444444446,99.35744444444444,False
season2025,Sakhir,TSU,Red Bull Racing,2.0,MEDIUM,19,0.16269473684210525,98.36583157894738,98.94547368421054,False
season2025,Sakhir,TSU,Red Bull Racing,3.0,SOFT,22,0.0994014680971202,98.8027470355731,97.98477272727273,False
season2025,Sakhir,VER,Red Bull Racing,1.0,SOFT,8,0.2263333333333319,97.22416666666672,98.8455,False
season2025,Sakhir,VER,Red Bull Racing,2.0,HARD,14,0.17721758241757996,98.29193626373623,98.78078571428571,False
season2025,Sakhir,VER,Red Bull Racing,3.0,MEDIUM,26,0.10192042811567413,98.06419234331582,97.47334615384615,False
season2025,Shanghai,ALB,Williams,1.0,MEDIUM,15,0.03815121317157902,99.10747227036394,98.90753333333335,False
season2025,Shanghai,ALB,Williams,2.0,HARD,35,-0.0009442577030813426,99.36131232492997,97.19837142857143,False
season2025,Shanghai,ANT,Mercedes,1.0,MEDIUM,8,0.1481029411764737,98.31652941176465,98.96825,False
season2025,Shanghai,ANT,Mercedes,2.0,HARD,43,-0.014331923890063217,99.8204016913319,97.56576744186047,False
season2025,Shanghai,BEA,Haas F1 Team,1.0,HARD,21,0.014822180406916095,99.7316503586969,99.13280952380953,False
season2025,Shanghai,BEA,Haas F1 Team,2.0,MEDIUM,29,0.026364039408866245,98.78062364532018,96.89244827586208,False
season2025,Shanghai,BOR,Kick Sauber,2.0,HARD,22,0.12442651019622888,98.32666390919586,99.19945454545454,False
season2025,Shanghai,BOR,Kick Sauber,3.0,HARD,28,0.11272441160372086,97.7949501915709,97.25967857142858,False
season2025,Shanghai,DOO,Alpine,2.0,HARD,44,0.009766243833685873,99.64128872445382,97.97329545454544,False
season2025,Shanghai,GAS,Alpine,2.0,HARD,45,-0.004821739130434888,99.84014396135268,97.85442222222224,False
season2025,Shanghai,HAD,Racing Bulls,2.0,HARD,19,-0.009754385964913008,99.69256140350876,98.32026315789474,False
season2025,Shanghai,HAD,Racing Bulls,3.0,HARD,22,0.06811857707509819,98.63742687747038,96.98640909090909,False
season2025,Shanghai,HAM,Ferrari,1.0,MEDIUM,9,0.12400862068965775,97.91637931034482,98.43777777777778,False
season2025,Shanghai,HAM,Ferrari,2.0,HARD,22,0.024671936758893828,98.57769169960476,97.48359090909089,False
season2025,Shanghai,HAM,Ferrari,3.0,HARD,18,0.04131475748193749,97.61719504643962,95.4385,False
season2025,Shanghai,HUL,Kick Sauber,1.0,MEDIUM,15,0.16697616984402175,98.94061611785094,100.26939999999999,False
season2025,Shanghai,HUL,Kick Sauber,2.0,HARD,34,0.08356531703590508,98.74748281130633,98.17594117647059,False
season2025,Shanghai,LAW,Red Bull Racing,1.0,HARD,13,0.09161593118922998,99.08116566940913,99.4783076923077,False
season2025,Shanghai,LAW,Red Bull Racing,2.0,MEDIUM,10,0.06672121212121303,98.80801212121209,97.8942,False
season2025,Shanghai,LAW,Red Bull Racing,3.0,HARD,25,0.08818769230769265,97.91045230769232,96.72507999999999,False
season2025,Shanghai,LEC,Ferrari,1.0,MEDIUM,11,0.09238004895961101,98.03208139534878,98.35490909090909,False
season2025,Shanghai,LEC,Ferrari,2.0,HARD,40,0.038153283302063266,98.19220440900561,97.005,False
season2025,Shanghai,NOR,McLaren,1.0,MEDIUM,11,0.11027356181151002,97.67654651162786,98.1539090909091,False
season2025,Shanghai,NOR,McLaren,2.0,HARD,40,0.03228011257035627,98.09932757973732,96.78585000000001,False
season2025,Shanghai,OCO,Haas F1 Team,2.0,HARD,44,-0.007108174770965689,99.54074665257222,97.47620454545454,False
season2025,Shanghai,PIA,McLaren,1.0,MEDIUM,10,0.09031822070145272,97.70522241231818,97.99130000000001,False
season2025,Shanghai,PIA,McLaren,2.0,HARD,41,0.014453310104531401,98.2811735191637,96.61914634146342,False
season2025,Shanghai,RUS,Mercedes,1.0,MEDIUM,10,0.1379101796407141,97.53622754491018,98.20779999999999,False
season2025,Shanghai,RUS,Mercedes,2.0,HARD,41,0.00605505226480921,98.68200836236929,96.83521951219512,False
season2025,Shanghai,SAI,Williams,1.0,MEDIUM,12,0.0860931174089067,98.8624544534413,99.18374999999999,False
season2025,Shanghai,SAI,Williams,2.0,HARD,38,0.020725681146733285,99.3805972207025,97.74297368421053,False
season2025,Shanghai,STR,Aston Martin,1.0,HARD,31,0.013389415261126024,99.68526907640725,98.85574193548386,False
season2025,Shanghai,STR,Aston Martin,2.0,MEDIUM,19,0.08397543859648987,98.44990175438596,96.78863157894737,False
season2025,Shanghai,TSU,Racing Bulls,2.0,HARD,22,0.018895539243364512,99.19498757763981,98.1386818181818,False
season2025,Shanghai,TSU,Racing Bulls,3.0,HARD,9,0.06381666666667078,98.71398888888888,96.84188888888889,False
season2025,Shanghai,TSU,Racing Bulls,4.0,MEDIUM,8,0.27942857142857486,96.22632142857138,96.60725,False
season2025,Shanghai,VER,Red Bull Racing,1.0,MEDIUM,9,0.11125862068966047,98.42637931034477,98.85144444444444,False
season2025,Shanghai,VER,Red Bull Racing,2.0,HARD,42,0.001576857629041654,98.69861594144176,96.78159523809525,False
season2025,Spielberg,ALB,Williams,1.0,MEDIUM,9,0.04116666666666698,71.30811111111107,71.19744444444444,False
season2025,Spielberg,ALO,Aston Martin,1.0,MEDIUM,28,0.08382272520127595,71.10650653197631,71.69678571428571,False
season2025,Spielberg,ALO,Aston Martin,2.0,HARD,35,0.06970728291316654,71.90902577030812,70.44317142857143,False
season2025,Spielberg,BEA,Haas F1 Team,2.0,HARD,25,0.05286199911199865,72.08721617271615,71.4516,False
season2025,Spielberg,BEA,Haas F1 Team,3.0,MEDIUM,29,0.08484088669950716,72.29630443349753,70.62875862068965,False
season2025,Spielberg,BOR,Kick Sauber,1.0,MEDIUM,17,0.07635294117646908,71.18594117647062,71.44217647058822,False
season2025,Spielberg,BOR,Kick Sauber,2.0,MEDIUM,25,0.05888497875670785,71.88289311270124,70.78508,False
season2025,Spielberg,BOR,Kick Sauber,3.0,HARD,19,0.10586666666666525,72.01015087719297,69.87468421052633,False
season2025,Spielberg,COL,Alpine,1.0,SOFT,9,0.006916666666669353,72.02899999999994,71.64433333333334,False
season2025,Spielberg,COL,Alpine,2.0,MEDIUM,23,0.12238587704542205,71.36837111943721,71.55282608695653,False
season2025,Spielberg,COL,Alpine,3.0,HARD,29,0.09250246305418677,72.17316748768474,70.62820689655173,False
season2025,Spielberg,GAS,Alpine,1.0,SOFT,8,0.10579761904761743,70.65650000000001,71.354875,False
season2025,Spielberg,GAS,Alpine,2.0,HARD,23,0.11277414882144468,71.46757002002774,71.57621739130434,False
season2025,Spielberg,GAS,Alpine,3.0,MEDIUM,30,0.0899330367074516,72.31760489432709,70.804,False
season2025,Spielberg,HAD,Racing Bulls,2.0,MEDIUM,24,0.07627130434782499,71.7966707246377,71.97383333333333,False
season2025,Spielberg,HAD,Racing Bulls,3.0,HARD,39,0.10101882591093006,71.57958582995951,71.052,False
season2025,Spielberg,HAM,Ferrari,1.0,MEDIUM,22,0.08813099943534783,70.47364596273293,70.95404545454545,False
season2025,Spielberg,HAM,Ferrari,2.0,HARD,21,0.08749453134187823,71.1168562860167,70.10619047619046,False
season2025,Spielberg,HAM,Ferrari,3.0,MEDIUM,19,0.0951245614035062,71.4827350877193,69.1741052631579,False
season2025,Spielberg,HUL,Kick Sauber,1.0,SOFT,8,-0.0945119047619,72.68621428571426,71.564875,False
season2025,Spielberg,HUL,Kick Sauber,2.0,MEDIUM,27,0.0534583960613591,71.70734471253613,71.02359259259259,False
season2025,Spielberg,HUL,Kick Sauber,3.0,MEDIUM,26,0.03721299145298985,72.83795008547013,70.27003846153846,False
season2025,Spielberg,LAW,Racing Bulls,1.0,MEDIUM,27,0.08314781776927484,71.17237051207898,71.65192592592592,False
season2025,Spielberg,LAW,Racing Bulls,2.0,HARD,37,0.05062588904694183,72.24353627311523,70.39605405405406,False
season2025,Spielberg,LEC,Ferrari,1.0,MEDIUM,21,0.11724415584415669,69.91958181818183,70.79100000000001,False
season2025,Spielberg,LEC,Ferrari,2.0,HARD,21,0.026292430003454957,71.59747828090796,69.85338095238096,False
season2025,Spielberg,LEC,Ferrari,3.0,MEDIUM,20,0.06207218045112691,71.75706992481204,69.14340000000001,False
season2025,Spielberg,NOR,McLaren,1.0,MEDIUM,16,0.16613970588235322,69.04045588235294,70.31856250000001,False
season2025,Spielberg,NOR,McLaren,2.0,HARD,29,0.07031944919869168,70.64022022716665,69.79589655172414,False
season2025,Spielberg,NOR,McLaren,3.0,MEDIUM,17,0.10276470588235033,71.25211764705882,68.86976470588236,False
season2025,Spielberg,OCO,Haas F1 Team,1.0,MEDIUM,15,0.06296428571428456,71.5953261904762,71.68293333333334,False
season2025,Spielberg,OCO,Haas F1 Team,2.0,HARD,28,0.05220065936024247,71.90532504677888,70.81503571428571,False
season2025,Spielberg,OCO,Haas F1 Team,3.0,HARD,18,0.09124251805985471,72.38406467148262,70.01461111111112,False
season2025,Spielberg,PIA,McLaren,1.0,MEDIUM,20,0.1381052631578936,69.32717894736844,70.44910000000002,False
season2025,Spielberg,PIA,McLaren,2.0,HARD,26,0.08561492902594181,70.56416377875672,69.71280769230769,False
season2025,Spielberg,PIA,McLaren,3.0,MEDIUM,16,0.1663617647058838,70.6240632352941,68.767,False
season2025,Spielberg,RUS,Mercedes,1.0,MEDIUM,14,0.12629450549450696,70.51805054945055,71.26664285714286,False
season2025,Spielberg,RUS,Mercedes,2.0,MEDIUM,24,0.017356463022509417,72.35802147909969,70.837875,False
season2025,Spielberg,RUS,Mercedes,3.0,HARD,24,0.0811452173913041,72.07220623188407,69.95016666666666,False
season2025,Spielberg,STR,Aston Martin,1.0,MEDIUM,22,0.10827272727272806,71.25863636363637,72.13936363636364,False
season2025,Spielberg,STR,Aston Martin,2.0,HARD,24,0.08782578397212376,71.93801916376307,71.06908333333332,False
season2025,Spielberg,STR,Aston Martin,3.0,SOFT,15,0.07611071428571237,72.51587023809526,69.79086666666667,False
season2025,Spielberg,TSU,Red Bull Racing,1.0,MEDIUM,14,0.08902637362637421,71.49058021978023,71.84785714285715,False
season2025,Spielberg,TSU,Red Bull Racing,2.0,HARD,10,0.08793939393939627,71.83119393939393,71.05530000000002,False
season2025,Spielberg,TSU,Red Bull Racing,3.0,MEDIUM,28,0.1085946907498619,71.58824657909142,70.76896428571429,False
season2025,Suzuka,ALB,Williams,1.0,MEDIUM,22,0.019434217955957626,94.66225409373237,94.21768181818183,False
season2025,Suzuka,ALB,Williams,2.0,HARD,28,-0.03025889436234453,94.82337000547348,92.18185714285714,False
season2025,Suzuka,ALO,Aston Martin,1.0,MEDIUM,22,0.032997176736306845,94.78844720496899,94.54640909090908,False
season2025,Suzuka,ALO,Aston Martin,2.0,HARD,28,0.014953475643131176,94.3601962233169,92.43442857142858,False
season2025,Suzuka,ANT,Mercedes,1.0,MEDIUM,29,0.00899605911330005,94.40533891625613,93.66927586206899,False
season2025,Suzuka,ANT,Mercedes,2.0,HARD,21,0.02933246753246772,93.40810562770562,91.39509523809524,False
season2025,Suzuka,BEA,Haas F1 Team,1.0,MEDIUM,21,0.0543701298701294,94.51474891774892,94.50719047619047,False
season2025,Suzuka,BEA,Haas F1 Team,2.0,HARD,29,0.009822660098521419,94.55522167487682,92.57720689655171,False
season2025,Suzuka,BOR,Kick Sauber,1.0,HARD,29,-0.0010448275862074237,95.67609655172413,94.77937931034484,False
season2025,Suzuka,BOR,Kick Sauber,2.0,MEDIUM,21,0.04236493506493555,94.39090649350648,92.53428571428572,False
season2025,Suzuka,DOO,Alpine,1.0,SOFT,13,-0.040450549450549156,96.05891208791208,95.2953076923077,False
season2025,Suzuka,DOO,Alpine,2.0,HARD,37,0.032013276434328074,94.59100474158373,93.30627027027026,False
season2025,Suzuka,GAS,Alpine,1.0,MEDIUM,22,0.042488989271596354,94.85861490683237,94.70222727272727,False
season2025,Suzuka,GAS,Alpine,2.0,HARD,28,0.025091954022986727,94.14864614121514,92.36507142857144,False
season2025,Suzuka,HAD,Racing Bulls,1.0,MEDIUM,23,0.012985177865607765,94.64006225296447,94.09386956521739,False
season2025,Suzuka,HAD,Racing Bulls,2.0,HARD,27,-0.01985653235653248,94.65451465201464,92.15666666666667,False
season2025,Suzuka,HAM,Ferrari,1.0,HARD,28,0.012821018062397034,94.45541707717571,93.80164285714287,False
season2025,Suzuka,HAM,Ferrari,2.0,MEDIUM,22,0.044169960474307,93.64410276679844,91.85872727272728,False
season2025,Suzuka,HUL,Kick Sauber,1.0,MEDIUM,20,-0.02258270676691508,95.82775112781952,94.93555,False
season2025,Suzuka,HUL,Kick Sauber,2.0,HARD,30,0.030155061179087086,94.79207482387844,93.17213333333333,False
season2025,Suzuka,LAW,Racing Bulls,1.0,MEDIUM,31,0.024085483870969728,95.22248225806447,94.69693548387096,False
season2025,Suzuka,LAW,Racing Bulls,2.0,SOFT,19,0.08505614035087578,94.11375087719297,92.62936842105262,False
season2025,Suzuka,LEC,Ferrari,1.0,MEDIUM,19,0.026892982456138453,94.0907561403509,93.78157894736842,False
season2025,Suzuka,LEC,Ferrari,2.0,HARD,31,0.016118145161291817,93.90712056451608,92.09112903225807,False
season2025,Suzuka,NOR,McLaren,1.0,MEDIUM,19,0.009336842105260807,94.0628210526316,93.56052631578946,False
season2025,Suzuka,NOR,McLaren,2.0,HARD,31,0.01173508064516129,93.66998749999996,91.77948387096774,False
season2025,Suzuka,OCO,Haas F1 Team,1.0,HARD,30,0.006509899888766804,95.57267675194657,94.77910000000001,False
season2025,Suzuka,OCO,Haas F1 Team,2.0,MEDIUM,20,0.04712030075188105,94.41641654135334,92.5658,False
season2025,Suzuka,PIA,McLaren,1.0,MEDIUM,18,0.022145510835912142,94.02997213622292,93.685,False
season2025,Suzuka,PIA,McLaren,2.0,HARD,32,0.0025784457478003286,93.82693969941349,91.8095625,False
season2025,Suzuka,RUS,Mercedes,1.0,MEDIUM,17,0.035473039215682615,94.08668137254905,93.89141176470588,False
season2025,Suzuka,RUS,Mercedes,2.0,HARD,33,-0.007858957219249781,94.34427941176475,92.16781818181818,False
season2025,Suzuka,SAI,Williams,1.0,MEDIUM,31,0.029939919354840583,95.17582782258062,94.74980645161291,False
season2025,Suzuka,SAI,Williams,2.0,SOFT,19,0.04435087719298116,94.06098245614037,92.12884210526315,False
season2025,Suzuka,STR,Aston Martin,2.0,HARD,19,0.002168421052630616,95.4360315789474,94.36205263157895,False
season2025,Suzuka,STR,Aston Martin,3.0,MEDIUM,21,0.052220779220779966,94.46998701298699,92.83885714285715,False
season2025,Suzuka,TSU,Red Bull Racing,1.0,MEDIUM,21,0.038261038961035845,94.92691515151517,94.72604761904763,False
season2025,Suzuka,TSU,Red Bull Racing,2.0,HARD,29,0.004276354679801851,94.569681773399,92.49310344827589,False
season2025,Suzuka,VER,Red Bull Racing,1.0,MEDIUM,19,0.02664035087719155,93.84727192982456,93.5353157894737,False
season2025,Suzuka,VER,Red Bull Racing,2.0,HARD,31,0.009735483870969066,93.72414193548386,91.79964516129031,False
season2025,São Paulo,ALB,Williams,1.0,MEDIUM,26,0.08878188034188018,74.58061367521366,75.83961538461539,False
season2025,São Paulo,ALB,Williams,2.0,SOFT,18,0.13230650154798684,75.54377984176125,74.69511111111112,False
season2025,São Paulo,ALB,Williams,3.0,MEDIUM,15,0.2970535714285707,74.64845119047621,73.80193333333332,False
season2025,São Paulo,ALO,Aston Martin,1.0,HARD,19,0.10815263157894545,75.0200421052632,75.97678947368422,False
season2025,São Paulo,ALO,Aston Martin,2.0,MEDIUM,16,0.14189999999999967,74.76155,74.89850000000001,False
season2025,São Paulo,ALO,Aston Martin,3.0,MEDIUM,24,0.07740956521739165,76.37213753623186,74.14466666666668,False
season2025,São Paulo,ANT,Mercedes,1.0,SOFT,12,0.16978321678321456,72.7854603729604,74.95916666666666,False
season2025,São Paulo,ANT,Mercedes,2.0,MEDIUM,24,0.05548739130434934,75.65221188405793,74.50379166666666,False
season2025,São Paulo,ANT,Mercedes,3.0,MEDIUM,23,0.07715711462450484,75.52343280632412,73.61226086956522,False
season2025,São Paulo,BEA,Haas F1 Team,1.0,SOFT,8,0.22009523809524056,72.862119047619,75.366,False
season2025,São Paulo,BEA,Haas F1 Team,2.0,MEDIUM,23,0.07309683794466118,75.5166976284585,74.81695652173914,False
season2025,São Paulo,BEA,Haas F1 Team,3.0,MEDIUM,28,0.06108866995073851,75.92109359605912,74.072,False
season2025,São Paulo,COL,Alpine,1.0,MEDIUM,20,0.08600676691729381,75.43532481203005,76.00895,False
season2025,São Paulo,COL,Alpine,2.0,SOFT,12,0.17010839160838928,75.59843706293708,74.86675000000001,False
season2025,São Paulo,COL,Alpine,3.0,MEDIUM,27,0.08736324786324753,75.98025498575497,74.1007037037037,False
season2025,São Paulo,GAS,Alpine,1.0,SOFT,9,0.1946499999999969,73.24648888888896,75.64588888888889,False
season2025,São Paulo,GAS,Alpine,2.0,MEDIUM,19,0.10498771929824376,75.47871403508775,75.03857894736842,False
season2025,São Paulo,GAS,Alpine,3.0,MEDIUM,31,0.0985612903225788,75.53438064516132,74.72129032258064,False
season2025,São Paulo,HAD,Racing Bulls,1.0,SOFT,9,0.2574666666666654,72.09653333333337,75.501,False
season2025,São Paulo,HAD,Racing Bulls,2.0,MEDIUM,17,0.10884803921568659,74.81096078431372,75.0125294117647,False
season2025,São Paulo,HAD,Racing Bulls,3.0,MEDIUM,33,0.08653442513369115,76.20928943850267,74.74190909090909,False
season2025,São Paulo,HAM,Ferrari,3.0,MEDIUM,16,0.12680882352941414,75.58969117647055,75.501875,False
season2025,São Paulo,HUL,Kick Sauber,1.0,MEDIUM,27,0.0665793650793636,75.45399470899473,75.70874074074074,False
season2025,São Paulo,HUL,Kick Sauber,2.0,SOFT,34,0.10502154316271882,75.65738976317802,74.91785294117646,False
season2025,São Paulo,LAW,Racing Bulls,1.0,SOFT,10,0.1776484848484845,73.50420000000001,75.69289999999998,False
season2025,São Paulo,LAW,Racing Bulls,2.0,MEDIUM,51,0.07386588235294145,75.7527388235294,75.21711764705883,False
season2025,São Paulo,NOR,McLaren,1.0,MEDIUM,21,0.09801168831168867,73.81977792207793,74.637,False
season2025,São Paulo,NOR,McLaren,2.0,SOFT,18,0.07521465428276734,75.5356577227382,74.32355555555556,False
season2025,São Paulo,NOR,McLaren,3.0,MEDIUM,20,0.04374586466165404,75.93470977443606,73.449,False
season2025,São Paulo,OCO,Haas F1 Team,2.0,MEDIUM,37,0.06497629208155549,75.50750118539591,75.26702702702703,False
season2025,São Paulo,OCO,Haas F1 Team,3.0,MEDIUM,23,0.14512154150197476,75.63133300395259,74.21791304347826,False
season2025,São Paulo,PIA,McLaren,1.0,MEDIUM,29,0.07991970443349736,74.44250197044335,75.0156551724138,False
season2025,São Paulo,PIA,McLaren,2.0,SOFT,11,0.08494545454545663,75.33276363636364,73.62227272727273,False
season2025,São Paulo,PIA,McLaren,3.0,MEDIUM,19,0.09597894736841966,74.81984210526315,73.32942105263157,False
season2025,São Paulo,RUS,Mercedes,1.0,MEDIUM,25,0.08693153846153984,74.14911153846148,75.1674,False
season2025,São Paulo,RUS,Mercedes,2.0,SOFT,12,0.16765384615384743,74.7466923076923,73.88924999999999,False
season2025,São Paulo,RUS,Mercedes,3.0,MEDIUM,22,0.08799604743082966,75.69556126482213,73.732,False
season2025,São Paulo,SAI,Williams,1.0,SOFT,8,0.27341666666666603,72.84891666666668,75.579125,False
season2025,São Paulo,SAI,Williams,2.0,MEDIUM,19,0.12495789473684224,75.19893684210527,75.03347368421053,False
season2025,São Paulo,SAI,Williams,3.0,MEDIUM,32,0.08942833577712597,76.2143478739003,74.72684375,False
season2025,São Paulo,STR,Aston Martin,1.0,HARD,20,0.11728571428571541,74.49381428571425,75.64610000000002,False
season2025,São Paulo,STR,Aston Martin,2.0,MEDIUM,23,0.09331027667984136,75.38371343873519,74.84660869565217,False
season2025,São Paulo,STR,Aston Martin,3.0,MEDIUM,16,0.15310147058823587,74.89236470588233,73.77293750000001,False
season2025,São Paulo,TSU,Red Bull Racing,2.0,MEDIUM,15,0.14197857142857123,74.7528333333333,75.86053333333334,False
season2025,São Paulo,TSU,Red Bull Racing,3.0,MEDIUM,21,0.11238311688311622,75.66630735930737,75.03490476190476,False
season2025,São Paulo,TSU,Red Bull Racing,4.0,MEDIUM,23,0.10311956521738913,75.76709782608697,73.80765217391304,False
season2025,São Paulo,VER,Red Bull Racing,2.0,MEDIUM,25,0.10728615384615381,74.59043384615386,74.93744000000001,False
season2025,São Paulo,VER,Red Bull Racing,3.0,MEDIUM,18,0.07870278637770876,75.35900963192294,73.7378888888889,False
season2025,São Paulo,VER,Red Bull Racing,4.0,SOFT,16,0.12815882352941307,75.50574117647054,73.23075,False
season2025,Yas Island,ALB,Williams,2.0,HARD,23,0.1045711462450573,89.95735770750986,90.16178260869565,False
season2025,Yas Island,ALB,Williams,3.0,MEDIUM,24,0.0793139130434775,90.39201217391306,88.90525000000001,False
season2025,Yas Island,ALO,Aston Martin,1.0,MEDIUM,14,0.013323076923077142,90.50185934065938,90.16092857142857,False
season2025,Yas Island,ALO,Aston Martin,2.0,HARD,41,0.013568466898955347,91.40285209059232,89.6249268292683,False
season2025,Yas Island,ANT,Mercedes,1.0,HARD,30,0.062520355951056,90.69138079347425,90.81546666666667,False
season2025,Yas Island,ANT,Mercedes,2.0,MEDIUM,25,0.11326692307692442,89.86982307692308,88.92556,False
season2025,Yas Island,BEA,Haas F1 Team,1.0,MEDIUM,12,0.08689160839160562,90.3953962703963,90.63458333333334,False
season2025,Yas Island,BEA,Haas F1 Team,2.0,HARD,43,0.042128813047417814,90.71050241618843,89.64446511627908,False
season2025,Yas Island,BOR,Kick Sauber,1.0,MEDIUM,13,0.03881868131868477,90.38321978021976,90.25376923076922,False
season2025,Yas Island,BOR,Kick Sauber,2.0,HARD,42,0.039030791670041594,91.1309262350431,89.94661904761904,False
season2025,Yas Island,COL,Alpine,1.0,MEDIUM,13,0.04068681318681621,91.20989010989011,91.09538461538462,False
season2025,Yas Island,COL,Alpine,2.0,HARD,23,0.12048221343873194,90.03212252964428,90.05839130434782,False
season2025,Yas Island,COL,Alpine,3.0,MEDIUM,16,0.15280882352941516,89.81731617647057,88.54650000000001,False
season2025,Yas Island,GAS,Alpine,1.0,MEDIUM,11,0.04081818181818365,91.04490909090909,90.94563636363637,False
season2025,Yas Island,GAS,Alpine,2.0,HARD,25,0.08748230769230791,90.2335676923077,89.97332,False
season2025,Yas Island,GAS,Alpine,3.0,MEDIUM,16,0.13486764705882637,89.53827941176463,88.50162499999999,False
season2025,Yas Island,HAD,Racing Bulls,1.0,MEDIUM,12,0.10641258741258602,90.07023892773894,90.45583333333333,False
season2025,Yas Island,HAD,Racing Bulls,2.0,HARD,42,0.04233433271209615,91.14214418064451,90.08716666666666,False
season2025,Yas Island,HAM,Ferrari,2.0,HARD,21,0.10527922077921885,89.64369696969699,89.80704761904761,False
season2025,Yas Island,HAM,Ferrari,3.0,MEDIUM,26,0.08611350427350511,90.14327726495725,88.88942307692308,False
season2025,Yas Island,HUL,Kick Sauber,2.0,HARD,33,0.08368114973262163,89.8774968805704,90.00875757575757,False
season2025,Yas Island,HUL,Kick Sauber,3.0,MEDIUM,15,0.15636428571428448,89.48612142857144,88.08840000000001,False
season2025,Yas Island,LAW,Racing Bulls,1.0,MEDIUM,19,0.13324912280701548,90.03820701754387,90.89894736842105,False
season2025,Yas Island,LAW,Racing Bulls,2.0,HARD,35,0.056089635854341895,90.66138263305321,89.5270857142857,False
season2025,Yas Island,LEC,Ferrari,1.0,MEDIUM,14,0.06300219780219775,89.79119560439557,89.8592142857143,False
season2025,Yas Island,LEC,Ferrari,2.0,HARD,21,-0.0028597402597420377,90.26217402597403,88.68785714285713,False
season2025,Yas Island,LEC,Ferrari,3.0,MEDIUM,18,0.12905159958720686,88.48185896112827,87.50155555555554,False
season2025,Yas Island,NOR,McLaren,1.0,MEDIUM,14,0.04605934065934167,89.83456703296699,89.75857142857141,False
season2025,Yas Island,NOR,McLaren,2.0,HARD,22,-0.02958780350084844,90.42066572557881,88.48331818181818,False
season2025,Yas Island,NOR,McLaren,3.0,HARD,17,0.11753676470587932,89.01345588235296,87.43882352941176,False
season2025,Yas Island,OCO,Haas F1 Team,1.0,MEDIUM,17,0.09562499999999918,90.18433823529412,90.5905882352941,False
season2025,Yas Island,OCO,Haas F1 Team,2.0,HARD,38,0.03673213699529601,90.82407013896484,89.40457894736842,False
season2025,Yas Island,PIA,McLaren,1.0,HARD,39,0.037187449392715,89.7858584345478,89.41179487179488,False
season2025,Yas Island,PIA,McLaren,2.0,MEDIUM,16,0.1361838235294129,88.92169117647055,87.43793749999999,False
season2025,Yas Island,RUS,Mercedes,1.0,MEDIUM,12,0.055769230769229905,90.01456410256411,90.02033333333333,False
season2025,Yas Island,RUS,Mercedes,2.0,HARD,43,0.030754303835699,90.60209287224399,89.27444186046513,False
season2025,Yas Island,SAI,Williams,1.0,MEDIUM,16,0.09663676470588325,90.40151323529409,90.7970625,False
season2025,Yas Island,SAI,Williams,2.0,HARD,39,0.05701659919028534,90.56447192982449,89.61682051282051,False
season2025,Yas Island,STR,Aston Martin,1.0,HARD,40,0.03111078799249466,90.92923227016885,90.44672499999999,False
season2025,Yas Island,STR,Aston Martin,2.0,MEDIUM,15,0.09012857142857397,90.08458095238095,88.18086666666666,False
season2025,Yas Island,TSU,Red Bull Racing,1.0,HARD,30,0.05171034482758557,90.60477931034485,90.55049999999999,False
season2025,Yas Island,TSU,Red Bull Racing,2.0,MEDIUM,25,0.0967569230769219,90.38944307692309,89.21403999999998,False
season2025,Yas Island,VER,Red Bull Racing,1.0,MEDIUM,21,0.052735064935062824,89.56798874458877,89.54080952380953,False
season2025,Yas Island,VER,Red Bull Racing,2.0,HARD,34,0.06364675324675359,89.19759388846448,88.09255882352942,False
season2025,Zandvoort,ALB,Williams,1.0,MEDIUM,21,0.040168831168830244,76.87735497835499,76.69938095238095,False
season2025,Zandvoort,ALB,Williams,2.0,HARD,23,0.04196895556450551,77.17045294670426,75.6788260869565,False
season2025,Zandvoort,ALB,Williams,3.0,SOFT,11,0.032667820069205836,77.28825951557093,74.11745454545455,False
season2025,Zandvoort,ALO,Aston Martin,1.0,MEDIUM,16,0.05587941176470623,76.92627058823527,76.93462500000001,False
season2025,Zandvoort,ALO,Aston Martin,2.0,HARD,12,0.0651210045662089,77.12817694063922,76.26975000000002,False
season2025,Zandvoort,ALO,Aston Martin,3.0,HARD,21,0.07711983142121463,77.24895125263401,75.4007619047619,False
season2025,Zandvoort,ANT,Mercedes,1.0,MEDIUM,21,0.04882727272727259,76.96497748917749,76.89090476190478,False
season2025,Zandvoort,ANT,Mercedes,2.0,HARD,21,0.019703968770332324,77.00288279579883,75.16138095238095,False
season2025,Zandvoort,ANT,Mercedes,4.0,SOFT,11,0.030956055363323694,77.28254429065744,74.185,False
season2025,Zandvoort,BEA,Haas F1 Team,1.0,HARD,42,0.03703439815427952,77.27659336293365,76.80307142857143,False
season2025,Zandvoort,BEA,Haas F1 Team,2.0,MEDIUM,11,-0.037995847750862385,78.98513425605535,75.0049090909091,False
season2025,Zandvoort,BOR,Kick Sauber,1.0,MEDIUM,20,0.05699774436090441,77.2992759398496,77.32225,False
season2025,Zandvoort,BOR,Kick Sauber,2.0,HARD,23,0.06211779304121227,77.61389225909957,76.54439130434784,False
season2025,Zandvoort,COL,Alpine,1.0,SOFT,17,0.09018627450980157,76.73837254901962,77.09023529411763,False
season2025,Zandvoort,COL,Alpine,2.0,HARD,22,0.05237760029717638,77.56193592124816,76.46377272727273,False
season2025,Zandvoort,GAS,Alpine,1.0,MEDIUM,21,0.05897012987013067,77.04159653679652,77.08923809523809,False
season2025,Zandvoort,GAS,Alpine,2.0,HARD,33,0.06807748353287273,77.46184609449435,76.52457575757576,False
season2025,Zandvoort,HAD,Racing Bulls,1.0,MEDIUM,21,0.07953896103896017,75.8778658008658,76.17233333333331,False
season2025,Zandvoort,HAD,Racing Bulls,2.0,HARD,23,0.042417002282185846,76.54783474291851,75.06400000000001,False
season2025,Zandvoort,HAD,Racing Bulls,3.0,SOFT,11,0.017523529411766953,76.98204705882351,73.67281818181819,False
season2025,Zandvoort,HAM,Ferrari,1.0,MEDIUM,21,0.06306493506493598,76.20993506493508,76.30671428571428,False
season2025,Zandvoort,HUL,Kick Sauber,1.0,SOFT,17,0.06770343137254807,76.99455392156862,77.12158823529411,False
season2025,Zandvoort,HUL,Kick Sauber,2.0,HARD,22,0.020278107974242628,78.18363472015857,76.43472727272729,False
season2025,Zandvoort,HUL,Kick Sauber,3.0,MEDIUM,11,0.0979851211072693,78.54335224913491,76.12072727272727,False
season2025,Zandvoort,LAW,Racing Bulls,1.0,MEDIUM,21,0.08079350649350749,76.27909696969695,76.58861904761905,False
season2025,Zandvoort,LAW,Racing Bulls,3.0,SOFT,20,0.07759836333878772,76.86807823240589,75.93790000000001,False
season2025,Zandvoort,LAW,Racing Bulls,4.0,SOFT,11,0.19737681660899561,75.20917647058826,74.71454545454546,False
season2025,Zandvoort,LEC,Ferrari,1.0,MEDIUM,20,0.07284962406015195,75.99442932330825,76.19970000000002,False
season2025,Zandvoort,LEC,Ferrari,2.0,HARD,22,0.0411155466320212,76.59295673398691,75.17604545454546,False
season2025,Zandvoort,NOR,McLaren,1.0,MEDIUM,21,0.031128571428570163,75.69917142857146,75.41271428571429,False
season2025,Zandvoort,NOR,McLaren,2.0,HARD,23,0.026955430259094387,76.26607947375489,74.51334782608696,False
season2025,Zandvoort,OCO,Haas F1 Team,1.0,HARD,42,0.03238690430551978,77.4746118317569,76.87859523809523,False
season2025,Zandvoort,OCO,Haas F1 Team,2.0,MEDIUM,11,-0.024878892733563862,79.45512802768167,75.60027272727272,False
season2025,Zandvoort,PIA,McLaren,1.0,MEDIUM,21,0.05582597402597362,75.3375645021645,75.34747619047621,False
season2025,Zandvoort,PIA,McLaren,2.0,HARD,23,0.03830661833803037,76.03675446368644,74.48143478260867,False
season2025,Zandvoort,PIA,McLaren,3.0,HARD,11,0.07396989619377119,75.41755674740482,72.7938181818182,False
season2025,Zandvoort,RUS,Mercedes,1.0,MEDIUM,21,0.06192467532467388,76.20171341991343,76.28480952380953,False
season2025,Zandvoort,RUS,Mercedes,2.0,HARD,23,0.06455675258424048,76.73662169418715,75.63782608695652,False
season2025,Zandvoort,RUS,Mercedes,3.0,SOFT,11,0.03793252595155902,77.05352076124568,74.05681818181817,False
season2025,Zandvoort,SAI,Williams,1.0,MEDIUM,21,0.05957662337662296,76.5630329004329,76.61795238095239,False
season2025,Zandvoort,SAI,Williams,3.0,SOFT,19,0.09639841395717734,76.3900160190325,75.76289473684211,False
season2025,Zandvoort,STR,Aston Martin,2.0,HARD,34,0.07201041205029177,76.33125776671234,76.28699999999999,False
season2025,Zandvoort,STR,Aston Martin,3.0,HARD,11,-0.04688131487889324,79.26488546712801,75.136,False
season2025,Zandvoort,TSU,Red Bull Racing,1.0,SOFT,17,0.06303186274509427,76.85826960784318,76.9385882352941,False
season2025,Zandvoort,TSU,Red Bull Racing,2.0,HARD,23,0.0758991973010676,77.0157160888786,76.38960869565217,False
season2025,Zandvoort,TSU,Red Bull Racing,3.0,SOFT,11,-0.017801384083044554,79.38849273356404,75.58618181818181,False
season2025,Zandvoort,VER,Red Bull Racing,1.0,SOFT,21,0.08691038961039008,75.76188484848485,76.14480952380951,False
season2025,Zandvoort,VER,Red Bull Racing,2.0,MEDIUM,23,0.038055342999059306,76.54551577392942,74.98582608695651,False
season2025,Zandvoort,VER,Red Bull Racing,3.0,SOFT,11,0.0030910034602082167,76.88550276816609,73.38518181818182,False
